id,chapter,section,requirement,status,evidence,note,updated
V1.1.1,"V1 Architecture, Design and Threat Modeling",Secure Software Development Lifecycle,Verify the use of a secure software development lifecycle that addresses security in all stages of development.,Founder,"CONTRIBUTING.md:41 — build gate: warnings are errors, analyzers, tests, format ; CONTRIBUTING.md:63 — layering rules enforced by tests ; docs/security/dependency-scan.md:1-12 — dependency and image scanning on every PR (R7)","Security work happens in each release (build gate, R7 scanning, ADRs), but no documented secure SDLC covering every stage is in the repo; the SGM-2xx/SGM-503 design set is outside it. The founder needs to adopt and file a written SDLC policy.",review
V1.1.2,"V1 Architecture, Design and Threat Modeling",Secure Software Development Lifecycle,"Verify the use of threat modeling for every design change or sprint planning to identify threats, plan for countermeasures, facilitate appropriate risk responses, and guide security testing.",Founder,"docs/attributes-and-claims.md:21 — cites SGM-203 (threat model), which is not in the repo",No threat model or per-change threat modelling record is in the repo. The founder must keep the SGM-203 threat model current and set a cadence (each release/design change) with a record in the repo or design set.,review
V1.1.3,"V1 Architecture, Design and Threat Modeling",Secure Software Development Lifecycle,"Verify that all user stories and features contain functional security constraints, such as ""As a user, I should be able to view and edit my profile. I should not be able to view or edit anyone else's profile""",Founder,"docs/authority-model.md:21-37 — negative constraints stated (e.g. operators can never sign in as a user, cannot change a user's name) ; docs/decisions/0006-partner-console.md:1 — ADR with partner-admin limits","ADRs and the authority model state security constraints for the main features, but there is no practice of writing security constraints into every user story or feature ticket. A process decision for the founder.",review
V1.1.4,"V1 Architecture, Design and Threat Modeling",Secure Software Development Lifecycle,"Verify documentation and justification of all the application's trust boundaries, components, and significant data flows.",Partly,"docs/decisions/0001-tenancy-and-identity-model.md:39 — trust boundary between Sangam and the partner app ; deploy/production/README.md:3-5 — three separate stacks (PostgreSQL, Sangam, Anjal) and Caddy terminating TLS ; docs/planning/sangam-strategic-document-v0.1.md:80-114 — architecture diagram with a trust boundary (historical: shows Redis and a separate Platform API that do not exist)","Some trust boundaries are described in ADRs and the deployment README, but there is no current, complete document of trust boundaries, components and data flows (Caddy→hosts, hosts→PostgreSQL, Anjal, DigiLocker, SIEM, SCIM/webhooks, backups to E2E storage).",review
V1.1.5,"V1 Architecture, Design and Threat Modeling",Secure Software Development Lifecycle,Verify definition and security analysis of the application's high-level architecture and all connected remote services.,Partly,"deploy/production/README.md:48-75 — connected remote services (Anjal, E2E Object Storage, watchdog) described ; docs/anjal-messaging-contract.md:1 — the Anjal API contract ; src/Sangam.Identity.Server/Program.cs:66-69 — outbound calls go through a guard (no redirects, no private addresses)","The architecture and remote services are described across docs, but no security analysis of them is in the repo (the SGM-203 threat model is external). A current architecture diagram plus a security analysis per remote service is missing.",review
V1.1.6,"V1 Architecture, Design and Threat Modeling",Secure Software Development Lifecycle,"Verify implementation of centralized, simple (economy of design), vetted, secure, and reusable security controls to avoid duplicate, missing, ineffective, or insecure controls.",Met,"src/Sangam.Web.Shared/Hosting/SecurityHeaders.cs:69 — one shared security-header middleware, used by every host (src/Sangam.Identity.Server/Program.cs:241, src/Sangam.SelfService.Web/Program.cs:105, src/Sangam.Admin.Web/Program.cs:100) ; src/Sangam.Identity.Infrastructure/WebHosting.cs:44-60 — shared forwarded-headers/health setup for all hosts ; src/Sangam.Identity.Server/Program.cs:66-69 — one outbound-HTTP guard reused for back-channel logout, SCIM and webhooks ; src/Sangam.Identity.Domain/SignInModes.cs:15 — single implementation of sign-in mode resolution ; CONTRIBUTING.md:70 — audit rows only through IAuditWriter","Security controls (headers, proxy trust, outbound HTTP, audit writing, sign-in mode resolution) are implemented once in shared code and reused by all hosts.",review
V1.1.7,"V1 Architecture, Design and Threat Modeling",Secure Software Development Lifecycle,"Verify availability of a secure coding checklist, security requirements, guideline, or policy to all developers and testers.",Founder,CONTRIBUTING.md:41-52 — code-style/analyzer rules only ; .github/PULL_REQUEST_TEMPLATE.md:12 — single security item: no secrets committed,There is no secure coding checklist or security requirements document available to developers/testers in the repo; CONTRIBUTING covers style and layering. The founder should publish one (e.g. derived from this ASVS L2 assessment) and link it from the PR template.,review
V1.2.1,"V1 Architecture, Design and Threat Modeling",Authentication Architecture,"Verify the use of unique or special low-privilege operating system accounts for all application components, services, and servers.",Partly,"Dockerfile:44 — app images run as the non-root $APP_UID ; Dockerfile:32 — migrator also runs as $APP_UID ; deploy/production/docker-compose.yml:159-167 — Caddy uses the stock caddy:2 image (runs as root), no user set","The four Sangam hosts and the migrator run as a non-root user. Caddy (the internet-facing component) runs as root in its container, and nothing in the repo sets a dedicated OS user for the VM or PostgreSQL beyond image defaults.",review
V1.2.2,"V1 Architecture, Design and Threat Modeling",Authentication Architecture,"Verify that communications between application components, including APIs, middleware and data layers, are authenticated. Components should have the least necessary privileges needed.",Partly,"deploy/production/README.md:17-19 — separate owner and application database roles; app role cannot alter audit_events ; deploy/production/docker-compose.yml:95,115,123,131 — every host (identity, portal, admin, partner) gets the same ConnectionStrings__Sangam secret ; deploy/production/Caddyfile:15 — Caddy→host traffic is plain, unauthenticated HTTP on :8080 ; deploy/production/docker-compose.yml:96 — Anjal API key for messaging","Database access is password-authenticated with an owner/application role split, and Anjal calls use an API key. All four hosts share one database role with identical privileges (no per-host least privilege), and the Caddy→host hop is unauthenticated network trust.",review
V1.2.3,"V1 Architecture, Design and Threat Modeling",Authentication Architecture,"Verify that the application uses a single vetted authentication mechanism that is known to be secure, can be extended to include strong authentication, and has sufficient logging and monitoring to detect account abuse or breaches.",Met,"src/Sangam.Identity.Infrastructure/DependencyInjection.cs:72-74 — ASP.NET Core Identity with an Argon2id password hasher ; src/Sangam.Identity.Server/Program.cs:126-154 — OpenIddict server, code flow with PKCE required ; src/Sangam.SelfService.Web/Program.cs:70-92 and src/Sangam.Admin.Web/Program.cs:67-87 — portal and consoles sign in only through the identity server (OIDC code + PKCE) ; docs/decisions/0005-operator-console-ranks-and-mfa.md:1 — mandatory authenticator for operators","One identity server (ASP.NET Core Identity + OpenIddict) authenticates everyone; the other hosts are OIDC clients of it. It supports TOTP and passkeys for strong authentication, and sign-ins are audited.",review
V1.2.4,"V1 Architecture, Design and Threat Modeling",Authentication Architecture,"Verify that all authentication pathways and identity management APIs implement consistent authentication security control strength, such that there are no weaker alternatives per the risk of the application.",Partly,"docs/decisions/0002-account-flows-and-sign-in-modes.md:29-39 — three sign-in modes: password, password+email code, email code only ; src/Sangam.Identity.Domain/SignInModes.cs:15 — effective mode resolved in one place ; src/Sangam.Identity.Server/Program.cs:172-175 — acr levels advertised for step-up","All human sign-ins go through the identity server's pages, but strength differs by pathway: 'otp_only' (emailed code alone) and 'password' are each single-factor alternatives, and the device grant, SAML and client-credentials pathways were not compared. No documented risk decision says these alternatives are acceptable.",review
V1.4.1,"V1 Architecture, Design and Threat Modeling",Access Control Architecture,"Verify that trusted enforcement points, such as access control gateways, servers, and serverless functions, enforce access controls. Never enforce access controls on the client.",Met,"docs/authority-model.md:3-4 — every permission check lives in a service, none in the UI ; src/Sangam.Identity.Infrastructure/Admin/EfAdminService.cs:667-673 — RequireAsync rank check on the server ; src/Sangam.Admin.Web/Program.cs:90 — fallback policy requires an authenticated user on every endpoint ; test AdminServiceTests.OnlySupportAndAbove_MayActOnAUser (tests/Sangam.Identity.Infrastructure.Tests/Admin/AdminServiceTests.cs:150)",Access control is enforced server-side in services (Blazor Server keeps logic on the server) and the management API checks the token's scope and app; nothing is decided on the client.,review
V1.4.4,"V1 Architecture, Design and Threat Modeling",Access Control Architecture,Verify the application uses a single and well-vetted access control mechanism for accessing protected data and resources. All requests must pass through this single mechanism to avoid copy and paste or insecure alternative paths.,Partly,"src/Sangam.Identity.Server/Api/ManagementEndpoints.cs:28-44 — management API: one policy on the whole /api/v1 group ; src/Sangam.Identity.Infrastructure/Admin/EfAdminService.cs:667 — operator plane: per-method RequireAsync calls ; docs/authority-model.md:8-14 — four planes, each enforced in a different service","By design each plane has its own enforcement point (IAdminService, IPartnerService, IPortalService, the API policy), and operator checks are explicit calls at the top of each method. There is no single mechanism every request must pass through, so a new method that forgets RequireAsync would not be caught structurally.",review
V1.4.5,"V1 Architecture, Design and Threat Modeling",Access Control Architecture,Verify that attribute or feature-based access control is used whereby the code checks the user's authorization for a feature/data item rather than just their role. Permissions should still be allocated using roles.,Partly,"src/Sangam.Identity.Infrastructure/Admin/EfAdminService.cs:667-673 — checks a minimum rank (Viewer<AppManager<Support<Owner) ; src/Sangam.Identity.Server/Api/ManagementEndpoints.cs:18-19,46-49 — app id taken from the token, data scoped to the calling app ; docs/authority-model.md:21-37 — capability matrix per rank","Data-level checks exist (API and partner data scoped to the caller's app; Sangam's own apps protected). Operator authorisation, however, is an ordered-rank comparison rather than per-feature permissions assigned through roles.",review
V1.5.1,"V1 Architecture, Design and Threat Modeling",Input and Output Architecture,"Verify that input and output requirements clearly define how to handle and process data based on type, content, and applicable laws, regulations, and other policy compliance.",Partly,"docs/attributes-and-claims.md:21-24 — no health data in attributes; refused and declared ; docs/identity-verification.md:1 — DigiLocker: keyed hash of the id, never an Aadhaar number ; SECURITY.md:43 — DPDPA 2023 data fiduciary named","Specific rules exist (no health data, no Aadhaar numbers, DPDPA obligations), but there is no general input/output requirements document defining handling per data type, content and law.",review
V1.5.2,"V1 Architecture, Design and Threat Modeling",Input and Output Architecture,"Verify that serialization is not used when communicating with untrusted clients. If this is not possible, ensure that adequate integrity controls (and possibly encryption if sensitive data is sent) are enforced to prevent deserialization attacks including object injection.",Met,src/Sangam.Identity.Infrastructure/Saml/SamlProtocol.cs:116-118 — SAML XML parsed with DTD prohibited and no resolver ; src/Sangam.Identity.Infrastructure/Customisation/LogoCheck.cs:53-56 — SVG logos parsed with DTD prohibited ; src/Sangam.Identity.Server/Api/ManagementEndpoints.cs:53 — API bodies bound to typed records (System.Text.Json),"Untrusted input is read only as typed JSON (System.Text.Json) or hardened XML; no BinaryFormatter, TypeNameHandling or similar polymorphic deserializer appears anywhere in src (grep).",review
V1.5.3,"V1 Architecture, Design and Threat Modeling",Input and Output Architecture,Verify that input validation is enforced on a trusted service layer.,Met,src/Sangam.Identity.Infrastructure/Customisation/LogoCheck.cs:24-30 — uploaded logos validated in the service layer ; test AdminServiceTests.LogoutAddresses_AreChecked (tests/Sangam.Identity.Infrastructure.Tests/Admin/AdminServiceTests.cs:362) ; test AdminServiceTests.ABackChannelAddress_OnAPrivateNetwork_IsRefused (tests/Sangam.Identity.Infrastructure.Tests/Admin/AdminServiceTests.cs:339),"Validation runs on the server in the Infrastructure services (Razor Pages and Blazor Server keep all handling server-side), and tests prove the service refuses bad input.",review
V1.5.4,"V1 Architecture, Design and Threat Modeling",Input and Output Architecture,Verify that output encoding occurs close to or by the interpreter for which it is intended.,Met,src/Sangam.Web.Shared/Hosting/ErrorPage.cs:29-32 — hand-written HTML is HtmlEncoded at output ; test SecurityHeaderTests.NoPage_HasInlineScript_OrAnInlineEventHandler (tests/Sangam.Identity.Server.Tests/SecurityHeaderTests.cs:74),"Output is encoded where it is rendered: Razor/Blazor encode by default, the one hand-built HTML page encodes explicitly, and EF Core parameterises SQL.",review
V1.6.1,"V1 Architecture, Design and Threat Modeling",Cryptographic Architecture,Verify that there is an explicit policy for management of cryptographic keys and that a cryptographic key lifecycle follows a key management standard such as NIST SP 800-57.,Founder,src/Sangam.Identity.Server/Authentication/TokenCertificates.cs:6-9 — refers to SGM-803 for certificate rotation (not in repo) ; deploy/production/secrets/README.md:6-19 — inventory of keys and secrets,"Keys are inventoried and rotation is supported in code, but no key management policy following NIST SP 800-57 (lifetimes, generation, custody, destruction) is in the repo. The founder must write/approve one (SGM-803).",review
V1.6.2,"V1 Architecture, Design and Threat Modeling",Cryptographic Architecture,Verify that consumers of cryptographic services protect key material and other secrets by using key vaults or API based alternatives.,Partly,"deploy/production/docker-compose.yml:169-183 — secrets are Docker secret files on the VM ; src/Sangam.Identity.Infrastructure/WebHosting.cs:133-148 — secrets read from /run/secrets, never settings files ; deploy/production/README.md:88-97 — audit-archive private key kept offline, only the public certificate on the server","Secrets are kept out of images and settings, and some private keys are held offline. There is no key vault or API-based secret service: token/key-ring PFX files and their passwords sit side by side as files on the same VM disk.",review
V1.6.3,"V1 Architecture, Design and Threat Modeling",Cryptographic Architecture,Verify that all keys and passwords are replaceable and are part of a well-defined process to re-encrypt sensitive data.,Partly,"src/Sangam.Identity.Server/Authentication/TokenCertificates.cs:6-9 — signing/encryption certificates as a list; old ones stay published during rotation ; src/Sangam.Identity.Infrastructure/KeyRingProtection.cs:32-33 — key ring protected with the first certificate, readable with any listed one ; deploy/production/README.md:42-43 — client secrets rotated by replacing the file ; deploy/production/secrets/README.md:18 — SAML pairwise key must never change","Token certificates, key-ring certificates and client secrets are replaceable. Some keys are designed never to change (SAML pairwise key, passkey RP ID), and there is no documented procedure to re-encrypt data (audit archive, DigiLocker hashes, backups) after a key compromise.",review
V1.6.4,"V1 Architecture, Design and Threat Modeling",Cryptographic Architecture,"Verify that the architecture treats client-side secrets--such as symmetric keys, passwords, or API tokens--as insecure and never uses them to protect or access sensitive data.",Met,"src/Sangam.SelfService.Web/Program.cs:20-21,53 — Blazor Server; the client secret stays in server configuration ; src/Sangam.Identity.Server/Program.cs:154 — PKCE required for every code flow","The web hosts are server-rendered, so client secrets and tokens never reach the browser, and public clients rely on PKCE rather than embedded secrets.",review
V1.7.1,"V1 Architecture, Design and Threat Modeling","Errors, Logging and Auditing Architecture",Verify that a common logging format and approach is used across the system.,Partly,sdk/schema/audit-event-1.0.schema.json — one shared audit event schema ; CONTRIBUTING.md:70 — audit rows only through IAuditWriter ; src/Sangam.Identity.Server/appsettings.json:2-8 — operational logs use the default .NET logger configuration,Audit events have one schema and one writer across all hosts. Operational logs use ILogger with the default console text format; no common structured format (e.g. JSON with correlation fields) is configured.,review
V1.7.2,"V1 Architecture, Design and Threat Modeling","Errors, Logging and Auditing Architecture","Verify that logs are securely transmitted to a preferably remote system for analysis, detection, alerting, and escalation.",Partly,"deploy/production/docker-compose.yml:13-18 — container logs stay on the VM (local driver, rotated) ; deploy/production/README.md:74-75 — logs kept on the server, included in encrypted off-site backups ; src/Sangam.Identity.Infrastructure/Siem/SiemOptions.cs:95-98 — optional SIEM streaming must use TLS outside Development","Audit events can be streamed to a SIEM over TLS, but it is off by default and not configured in the production compose. Operational logs are not shipped to any remote system for analysis or alerting; they only leave the VM inside nightly backups.",review
V1.8.1,"V1 Architecture, Design and Threat Modeling",Data Protection and Privacy Architecture,Verify that all sensitive data is identified and classified into protection levels.,Founder,docs/attributes-and-claims.md:21 — health data excluded by rule ; deploy/production/docker-compose.yml:67-70 — audit archive anonymises IP addresses and drops browser details,"Sensitive data is handled carefully in places, but there is no inventory classifying Sangam's data (credentials, PII, identity documents, audit, tokens) into protection levels. The founder must produce one.",review
V1.8.2,"V1 Architecture, Design and Threat Modeling",Data Protection and Privacy Architecture,"Verify that all protection levels have an associated set of protection requirements, such as encryption requirements, integrity requirements, retention, privacy and other confidentiality requirements, and that these are applied in the architecture.",Partly,"deploy/production/README.md:50-56 — backups encrypted with age, off-region, object lock, defined retention ; deploy/production/docker-compose.yml:67-70 — audit retention: one year live, archived encrypted, deleted at seven years ; src/Sangam.Identity.Infrastructure/DependencyInjection.cs:72 — passwords hashed with Argon2id","Encryption, retention and anonymisation requirements exist for backups, audit and passwords, but they are not tied to defined protection levels because no classification exists (V1.8.1).",review
V1.9.1,"V1 Architecture, Design and Threat Modeling",Communications Architecture,"Verify the application encrypts communications between components, particularly when these components are in different containers, systems, sites, or cloud providers.",Partly,"deploy/production/Caddyfile:1,15 — TLS terminates at Caddy; Caddy→host is plain HTTP on :8080 ; deploy/production/docker-compose.yml:7,189-196 — hosts reach PostgreSQL over the sangam-db Docker network; no SSL Mode is set anywhere in src ; docs/go-live-checklist.md:106 — Anjal may be called over http://anjal:<port> on the server's network ; src/Sangam.Identity.Infrastructure/Siem/SiemOptions.cs:95-98 — SIEM link must use TLS","Traffic from the internet and to external services is TLS, but container-to-container traffic on the VM (Caddy→hosts, hosts→PostgreSQL, possibly hosts→Anjal) is unencrypted. Acceptable on one VM only if documented; it must change before components are split across hosts.",review
V1.9.2,"V1 Architecture, Design and Threat Modeling",Communications Architecture,"Verify that application components verify the authenticity of each side in a communication link to prevent person-in-the-middle attacks. For example, application components should validate TLS certificates and chains.",Partly,"src/Sangam.Identity.Infrastructure/Siem/SiemForwarder.cs:235-242,274-291 — SIEM TLS validates the chain, optionally against a pinned CA ; src/Sangam.SelfService.Web/Program.cs:82 — RequireHttpsMetadata outside Development ; src/Sangam.Identity.Infrastructure/Provisioning/OutboundHttp.cs:66-76 — outbound handler keeps default certificate validation (no bypass callback anywhere in src)","Outbound HTTPS and the SIEM link validate certificates, with no validation bypass in the code. Internal links (Caddy→hosts, PostgreSQL) have no TLS, so neither side's identity is verified there.",review
V1.10.1,"V1 Architecture, Design and Threat Modeling",Malicious Software Architecture,"Verify that a source code control system is in use, with procedures to ensure that check-ins are accompanied by issues or change tickets. The source code control system should have access control and identifiable users to allow traceability of any changes.",Partly,.github/workflows/ci.yml:19-20 — branch ruleset requires the build jobs ; CONTRIBUTING.md:57 — pull requests should link an issue ; .github/workflows/ci.yml:153-154 — security job not yet a required check,"Git on GitHub with a protected main branch and required CI is in use. Linking each change to an issue is advice, not enforced, and the repo cannot show GitHub access control; the founder should enforce issue links and review the access list.",review
V1.11.1,"V1 Architecture, Design and Threat Modeling",Business Logic Architecture,Verify the definition and documentation of all application components in terms of the business or security functions they provide.,Partly,"docs/planning/sangam-project-structure.md:159-722 — each project's role (historical; predates Partner.Web, Web.Shared, SIEM, SAML) ; docs/README.md:15-113 — corrections and per-release additions","Components are described, but in a historical planning document plus corrections. No single current document gives each component's business and security function.",review
V1.11.2,"V1 Architecture, Design and Threat Modeling",Business Logic Architecture,"Verify that all high-value business logic flows, including authentication, session management and access control, do not share unsynchronized state.",Partly,"docs/go-live-checklist.md:164-165 — identity service must not be scaled to two replicas (delivery worker not shared) ; docs/decisions/0002-account-flows-and-sign-in-modes.md:20-22 — rate limits are in memory, per node ; docs/go-live-checklist.md:211-212 — maintenance sweep on exactly one node","Sessions, codes and refresh tokens are stored in PostgreSQL, so a single instance is consistent. Some state is per-process (rate limits, background workers), and scaling out would bring unsynchronised state; this is documented but not solved.",review
V1.12.2,"V1 Architecture, Design and Threat Modeling",Secure File Upload Architecture,"Verify that user-uploaded files - if required to be displayed or downloaded from the application - are served by either octet stream downloads, or from an unrelated domain, such as a cloud file storage bucket. Implement a suitable Content Security Policy (CSP) to reduce the risk from XSS vectors or other attacks from the uploaded file.",Partly,"src/Sangam.Identity.Server/Endpoints/BrandingEndpoints.cs:18-30 — logos served inline from id.sangamid.in with nosniff and a sandboxing CSP ; src/Sangam.Identity.Infrastructure/Customisation/LogoCheck.cs:7-13 — PNG, or SVG stripped of scripts, handlers and foreign content","The only upload is a partner logo (PNG/SVG). It is served from Sangam's own origin as an image, not as an octet-stream download or from a separate domain; this is mitigated by `CSP sandbox`, nosniff and SVG checks.",review
V1.14.1,"V1 Architecture, Design and Threat Modeling",Configuration Architecture,"Verify the segregation of components of differing trust levels through well-defined security controls, firewall rules, API gateways, reverse proxies, cloud-based security groups, or similar mechanisms.",Partly,deploy/production/docker-compose.yml:189-196 — two networks: edge and sangam-db ; deploy/production/docker-compose.yml:162 — only Caddy publishes ports ; deploy/production/docker-compose.yml:137 — the demo sample app also joins the sangam-db network ; deploy/production/Caddyfile:29-31 — admin console exposed publicly with no IP restriction,"Only Caddy is exposed, and the database sits on its own network. Every host, the demo app included, is on both networks: the demo can reach Sangam's PostgreSQL. The operator console is reachable from the whole internet. No host firewall rules are in the repo.",review
V1.14.2,"V1 Architecture, Design and Threat Modeling",Configuration Architecture,"Verify that binary signatures, trusted connections, and verified endpoints are used to deploy binaries to remote devices.",N/A,deploy/production/README.md:37 — images are built from source on the VM (docker compose up -d --build),Sangam does not deploy binaries to remote or user devices. SDK packages are not published yet (go-live checklist R6); signing becomes relevant when they are.,review
V1.14.3,"V1 Architecture, Design and Threat Modeling",Configuration Architecture,Verify that the build pipeline warns of out-of-date or insecure components and takes appropriate actions.,Met,".github/workflows/ci.yml — security job, a required check ; .github/dependabot.yml — weekly update pull requests (rc.2) ; docs/security/dependency-scan.md","The CI security job fails on known high or critical vulnerabilities in NuGet, npm, Python and Maven dependencies, the repository and the identity image, and reports the caddy and postgres images; it is a required check (R7). rc.2: Dependabot opens pull requests for out-of-date components in every ecosystem, including GitHub Actions and the Dockerfile, and each runs the full CI.",rc.2
V1.14.4,"V1 Architecture, Design and Threat Modeling",Configuration Architecture,"Verify that the build pipeline contains a build step to automatically build and verify the secure deployment of the application, particularly if the application infrastructure is software defined, such as cloud environment build scripts.",Partly,.github/workflows/ci.yml:197-207 — Trivy misconfig scan of the Dockerfile and image build in CI ; Dockerfile:48-49 — HEALTHCHECK,"CI builds and scans the app image, but deployment is a manual runbook on the VM; the compose files and Caddyfile are not validated or deployed by the pipeline (the README says the Caddyfile was not verified under Caddy).",review
V1.14.5,"V1 Architecture, Design and Threat Modeling",Configuration Architecture,"Verify that application deployments adequately sandbox, containerize and/or isolate at the network level to delay and deter attackers from attacking other applications, especially when they are performing sensitive or dangerous actions such as deserialization.",Partly,"Dockerfile:44 — non-root containers ; deploy/production/docker-compose.yml:189-196 — separate edge and database networks ; deploy/production/docker-compose.yml:5-18 — no read_only, cap_drop, no-new-privileges or resource limits on hosts","Each component runs in its own container on segregated networks. Containers are not further hardened (read-only filesystem, dropped capabilities, resource limits), and Sangam shares the VM with Anjal.",review
V1.14.6,"V1 Architecture, Design and Threat Modeling",Configuration Architecture,"Verify the application does not use unsupported, insecure, or deprecated client-side technologies such as NSAPI plugins, Flash, Shockwave, ActiveX, Silverlight, NACL, or client-side Java applets.",Met,src/Sangam.Web.Shared/Hosting/SecurityHeaders.cs:153 — object-src 'none' ; test SecurityHeaderTests.EveryAnswer_CarriesTheSecurityHeaders (tests/Sangam.Identity.Server.Tests/SecurityHeaderTests.cs:26),"The UI is plain HTML/JS (Razor Pages, Blazor Server); no plugins (Flash, applets, ActiveX, Silverlight) are used, and the CSP forbids embedded objects.",review
V2.1.1,V2 Authentication,Password Security,Verify that user set passwords are at least 12 characters in length (after multiple spaces are combined).,Not met,"src/Sangam.Identity.Application/Security/PasswordStrength.cs:63 — MinimumLength = 8 ; src/Sangam.Identity.Infrastructure/DependencyInjection.cs:79 — Identity RequiredLength = PasswordStrength.MinimumLength (8) ; src/Sangam.Identity.Infrastructure/Policies/PolicySettings.cs:31 — platform minimum clamped to [8, 64], default 8 ; src/Sangam.Identity.Infrastructure/Persistence/Configurations/AppConfiguration.cs:42 — DB check allows app minimums down to 8","Not met by design: the minimum is 8 characters, the same policy as Anjal (SGM-201). ASVS L2 asks for 12. Organisations and applications can already require more (Sangam:Policy:MinPasswordLength and per-app policy). Founder decision: raise the platform floor to 12 (existing passwords would be renewed at next sign-in, as the PR-16 flow already does), or record the exception.",founder decision
V2.1.2,V2 Authentication,Password Security,"Verify that passwords of at least 64 characters are permitted, and that passwords of more than 128 characters are denied.",Met,src/Sangam.Identity.Application/Security/PasswordStrength.cs:67 — MaximumLength = 128 in the policy (R7) ; tests/Sangam.Identity.Application.Tests/Security/PasswordStrengthTests.cs — SixtyFourCharacters_AreAccepted_ButMoreThan128_AreRefused,"Passwords of 64 characters and more are accepted; over 128 are refused whenever a password is set (registration, reset, change, forced renewal). Passwords set before R7 still sign in whatever their length.",R7 fix
V2.1.3,V2 Authentication,Password Security,"Verify that password truncation is not performed. However, consecutive multiple spaces may be replaced by a single space.",Met,src/Sangam.Identity.Infrastructure/Security/Argon2idPasswordHasher.cs:72 — the whole password is UTF-8 encoded into Argon2id; no truncation ; src/Sangam.Identity.Infrastructure/Accounts/AccountService.cs:353 — CheckPasswordAsync passes the password unchanged,The full password is hashed; nothing truncates it. Consecutive spaces are not collapsed (optional in ASVS).,review
V2.1.4,V2 Authentication,Password Security,"Verify that any printable Unicode character, including language neutral characters such as spaces and Emojis are permitted in passwords.",Met,"src/Sangam.Identity.Infrastructure/Security/Argon2idPasswordHasher.cs:72 — Encoding.UTF8.GetBytes(password), any Unicode accepted ; src/Sangam.Identity.Application/Security/PasswordStrength.cs:82-113 — no character whitelist; any non-alphanumeric (incl. space/emoji) counts as a symbol","Any printable Unicode character, spaces and emoji included, is accepted and hashed as UTF-8.",review
V2.1.5,V2 Authentication,Password Security,Verify users can change their password.,Met,src/Sangam.Identity.Server/Pages/Account/Password.cshtml.cs:84 — change-password page (R7) ; src/Sangam.SelfService.Web/Components/Pages/Profile.razor — Password panel links to it,"A signed-in person can change their password at /account/password, linked from the account page and the portal profile (R7).",R7 fix
V2.1.6,V2 Authentication,Password Security,Verify that password change functionality requires the user's current and new password.,Met,src/Sangam.Identity.Infrastructure/Accounts/AccountService.cs:492 — ChangePasswordAsync (R7) ; tests/Sangam.Identity.Server.Tests/AuthScreenTests.cs:234 — ChangePassword_AsksForTheCurrentOne_KeepsThisDeviceSignedIn_AndTellsThePerson ; tests/Sangam.Identity.Infrastructure.Tests/Accounts/AccountServiceTests.cs:241 — wrong current password counted; lockout after five,The change-password page asks for the current password and the new one twice. A wrong current password counts towards the account lockout and is audited; other devices are signed out; the person is e-mailed.,R7 fix
V2.1.7,V2 Authentication,Password Security,"Verify that passwords submitted during account registration, login, and password change are checked against a set of breached passwords either locally (such as the top 1,000 or 10,000 most common passwords which match the system's password policy) or using an external API. If using an API a zero knowledge proof or other mechanism should be used to ensure that the plain text password is not sent or used in verifying the breach status of the password. If the password is breached, the application must require the user to set a new non-breached password.",Partly,"src/Sangam.Identity.Infrastructure/Policies/PolicyPasswordValidator.cs:57-59 — refuses a breached password whenever a password is set (registration, reset, replacement) ; src/Sangam.Identity.Infrastructure/Policies/OfflineBreachedPasswordChecker.cs:51-57 — offline Pwned Passwords list; returns null (no check) when disabled or list not loaded ; src/Sangam.Identity.Infrastructure/Policies/PolicySettings.cs:30 — Sangam:Passwords:BreachCheck:Enabled defaults to false ; src/Sangam.Identity.Server/Pages/Account/Login.cshtml.cs:159-161 — at sign-in, breached check only when the person's policy has BreachedPasswordCheck ; src/Sangam.Identity.Application/Security/PasswordStrength.cs:72-77 — always-on local blocklist of only 24 passwords ; OfflineBreachListTests.TheCheck_IsOffUntilTheListIsLoaded_ThenFindsBreaches_AndSaysWhy","A zero-knowledge offline Pwned Passwords check exists and covers registration/reset, but it is off by default until the list is loaded and enabled, and at login it only runs where a policy requires it. Founder must load the list and set Enabled (and RequiredForEveryone) in production (docs/go-live-checklist.md:121-124).",review
V2.1.8,V2 Authentication,Password Security,Verify that a password strength meter is provided to help users set a stronger password.,Met,"src/Sangam.Identity.Server/Pages/Shared/_StrengthMeter.cshtml — server-rendered meter used on Register.cshtml:94, Reset.cshtml:22, LoginNewPassword.cshtml:24 ; src/Sangam.Identity.Server/wwwroot/js/password-meter.js:28-70 — live meter as the user types ; AuthScreenTests.Register_ShowsFieldErrors_AndServerRenderedStrengthMeter",A strength meter is shown wherever a password is chosen. It is rule/length based (not a zxcvbn-style estimate) and reflects the composition rules flagged under V2.1.9.,review
V2.1.9,V2 Authentication,Password Security,Verify that there are no password composition rules limiting the type of characters permitted. There should be no requirement for upper or lower case or numbers or special characters.,Not met,src/Sangam.Identity.Infrastructure/DependencyInjection.cs:80-83 — RequireNonAlphanumeric/Uppercase/Lowercase/Digit = true ; src/Sangam.Identity.Application/Security/PasswordStrength.cs:38-41 — MeetsPolicy requires all four character classes ; src/Sangam.Identity.Infrastructure/Accounts/AccountService.cs:124-128 — registration refused unless MeetsPolicy,"Not met by design: Sangam (like Anjal) requires an upper-case letter, a lower-case letter, a digit and a symbol; ASVS forbids composition rules. Founder decision: drop the class rules in favour of length plus the breached-password check, or record the exception.",founder decision
V2.1.10,V2 Authentication,Password Security,Verify that there are no periodic credential rotation or password history requirements.,Met,"src/Sangam.Identity.Domain/Entities/SangamUser.cs:61 — LastPasswordChangeAt is recorded but only exported (EfPortalService.cs:293), never used to expire passwords ; src/Sangam.Identity.Infrastructure/Accounts/AccountService.cs:466-469 — only 'same as current' is refused; no history list",No periodic password expiry or password-history rule exists.,review
V2.1.11,V2 Authentication,Password Security,"Verify that ""paste"" functionality, browser password helpers, and external password managers are permitted.",Met,"src/Sangam.Identity.Server/Pages/Account/Login.cshtml:32 — type=password autocomplete=current-password, no paste blocking ; src/Sangam.Identity.Server/Pages/Account/Register.cshtml:93 — autocomplete=new-password ; src/Sangam.Identity.Server/Pages/Account/Reset.cshtml:21 — autocomplete=new-password","Password fields carry standard autocomplete hints and no onpaste/oncopy blocking was found, so paste and password managers work.",review
V2.1.12,V2 Authentication,Password Security,"Verify that the user can choose to either temporarily view the entire masked password, or temporarily view the last typed character of the password on platforms that do not have this as built-in functionality.",Met,src/Sangam.Identity.Server/wwwroot/js/password-reveal.js:19 — reveal button (R7) ; tests/Sangam.Identity.Server.Tests/SecurityHeaderTests.cs:91 — PasswordFields_OfferToShowThePassword,"Every password field gets a show/hide button (aria-pressed, labelled in the page language); fields return to hidden on submit.",R7 fix
V2.2.1,V2 Authentication,General Authenticator Security,"Verify that anti-automation controls are effective at mitigating breached credential testing, brute force, and account lockout attacks. Such controls include blocking the most common breached passwords, soft lockouts, rate limiting, CAPTCHA, ever increasing delays between attempts, IP address restrictions, or risk-based restrictions such as location, first login on a device, recent attempts to unlock the account, or similar. Verify that no more than 100 failed attempts per hour is possible on a single account.",Met,"src/Sangam.Identity.Infrastructure/DependencyInjection.cs:85-86 — lockout after 5 failures for 15 minutes ; src/Sangam.Identity.Infrastructure/Accounts/AccountService.cs:319-364 — same lockout and timing for unknown addresses (UnknownAddressLockout), failures audited ; src/Sangam.Identity.Server/Authentication/AuthRateLimiting.cs:55-69 — per-IP limit on auth POSTs (default 20/min); applied at Program.cs:274 ; src/Sangam.Identity.Server/Pages/Account/Login.cshtml.cs:16 — [Antibot] honeypot + signed timestamp ; src/Sangam.Identity.Infrastructure/Admin/TotpMfaService.cs:128-134 — wrong TOTP codes count towards the same lockout ; AccountServiceTests.CheckPassword_WrongPassword_LocksOutAfterFiveAndAudits ; AuthScreenTests.Login_LocksOutAfterFiveFailures ; RateLimitTests.TheThirdRequestInAMinute_IsRefused_WhenTheLimitIsTwo","Soft lockout (5 tries / 15 min), per-IP rate limiting, anti-bot checks and OTP attempt limits are in place. Rate limits are in-memory per node, and breached-password blocking is off until the list is loaded (V2.1.7).",review
V2.2.2,V2 Authentication,General Authenticator Security,"Verify that the use of weak authenticators (such as SMS and email) is limited to secondary verification and transaction approval and not as a replacement for more secure authentication methods. Verify that stronger methods are offered before weak methods, users are aware of the risks, or that proper measures are in place to limit the risks of account compromise.",Partly,src/Sangam.Identity.Domain/Enums/SignInMode.cs:15-16 — OtpOnly: an e-mailed code instead of a password ; src/Sangam.SelfService.Web/Components/Pages/Profile.razor:172 — users can pick 'An emailed code only (no password)' ; src/Sangam.Identity.Server/Pages/Account/LoginVerify.cshtml.cs:16-19 — for otp_only the code can be texted (SMS) instead ; src/Sangam.SelfService.Web/Components/Pages/Profile.razor:218 — portal tells users an authenticator app is stronger than an e-mailed code ; src/Sangam.Identity.Infrastructure/Passkeys/PasskeySettings.cs:50 — passkeys (UV required) offered,"Stronger factors (passkeys, TOTP) exist and users are told TOTP beats e-mail codes, but a user or app may choose e-mail-code-only (or SMS-code-only) sign-in, so weak authenticators can replace the password rather than only add to it.",review
V2.2.3,V2 Authentication,General Authenticator Security,"Verify that secure notifications are sent to users after updates to authentication details, such as credential resets, email or address changes, logging in from unknown or risky locations. The use of push notifications - rather than SMS or email - is preferred, but in the absence of push notifications, SMS or email is acceptable as long as no sensitive information is disclosed in the notification.",Partly,"src/Sangam.Identity.Infrastructure/Accounts/SecurityNotices.cs:35 — SecurityNotices.SendAsync (R7) ; src/Sangam.Identity.Domain/MessageTemplateKinds.cs — password_changed, authenticator_added/removed, passkey_added/removed notices","R7 adds e-mail notices after a password change or reset, an authenticator added or removed, and a passkey added or removed (beside the existing e-mail-change and support-reset notices). Not done: a notice for a sign-in from a new device or location.",R7 fix
V2.3.1,V2 Authentication,Authenticator Lifecycle,"Verify system generated initial passwords or activation codes SHOULD be securely randomly generated, SHOULD be at least 6 characters long, and MAY contain letters and numbers, and expire after a short period of time. These initial secrets must not be permitted to become the long term password.",Met,"src/Sangam.Identity.Infrastructure/Accounts/OneTimeCodeService.cs:68 — activation/verification codes from RandomNumberGenerator, 6 digits ; src/Sangam.Identity.Application/Accounts/OtpOptions.cs:10 — 10-minute lifetime ; src/Sangam.Identity.Infrastructure/Partners/EfInvitationService.cs:24,85,96 — invitation tokens 32 random bytes, stored hashed, 7-day lifetime ; OneTimeCodeServiceTests.Verify_RefusesAfterExpiry","Sangam never generates initial passwords; e-mail verification codes are CSPRNG, 6 digits, 10 minutes, and cannot become a password. Invitation links last 7 days, which is long-ish for an activation secret.",review
V2.3.2,V2 Authentication,Authenticator Lifecycle,"Verify that enrollment and use of user-provided authentication devices are supported, such as a U2F or FIDO tokens.",Met,src/Sangam.Identity.Infrastructure/Passkeys/PasskeySettings.cs:44-55 — WebAuthn/FIDO2 passkeys via ASP.NET Core Identity ; src/Sangam.Identity.Infrastructure/Passkeys/EfPasskeyService.cs:84-150 — registration and storage of user authenticators ; src/Sangam.Identity.Server/Pages/Account/Passkeys.cshtml.cs:11 — signed-in passkey management page ; PasskeyServiceTests.APasskey_IsAdded_ThenSignsTheOwnerIn_AndTheCounterMovesForward,"Users can enrol and use FIDO2/WebAuthn authenticators (passkeys, including security keys).",review
V2.3.3,V2 Authentication,Authenticator Lifecycle,Verify that renewal instructions are sent with sufficient time to renew time bound authenticators.,N/A,src/Sangam.Identity.Infrastructure/Passkeys/PasskeySettings.cs:44-55 — passkeys have no expiry ; src/Sangam.Identity.Infrastructure/Admin/TotpMfaService.cs:51-69 — TOTP secrets have no expiry,"Sangam offers no time-bound user authenticators (no expiring certificates or tokens issued to users), so there is nothing to renew.",review
V2.4.1,V2 Authentication,Credential Storage,"Verify that passwords are stored in a form that is resistant to offline attacks. Passwords SHALL be salted and hashed using an approved one-way key derivation or password hashing function. Key derivation and password hashing functions take a password, a salt, and a cost factor as inputs when generating a password hash.",Met,"src/Sangam.Identity.Infrastructure/Security/Argon2idPasswordHasher.cs:35-46 — Argon2id with random salt and cost parameters, PHC format ; src/Sangam.Identity.Infrastructure/DependencyInjection.cs:68-72 — registered as Identity's IPasswordHasher ; Argon2idPasswordHasherTests.HashPassword_ProducesPhcFormattedArgon2idString","Passwords are salted and hashed with Argon2id (m=64 MiB, t=3, p=1 by default), an approved memory-hard function.",review
V2.4.2,V2 Authentication,Credential Storage,"Verify that the salt is at least 32 bits in length and be chosen arbitrarily to minimize salt value collisions among stored hashes. For each credential, a unique salt value and the resulting hash SHALL be stored.",Met,"src/Sangam.Identity.Infrastructure/Security/Argon2idPasswordHasher.cs:22,40 — 16-byte (128-bit) salt from RandomNumberGenerator per hash, stored in the PHC string ; Argon2idPasswordHasherTests.HashPassword_UsesFreshSaltEveryTime",Each hash has its own 128-bit random salt stored with it.,review
V2.4.3,V2 Authentication,Credential Storage,"Verify that if PBKDF2 is used, the iteration count SHOULD be as large as verification server performance will allow, typically at least 100,000 iterations.",N/A,src/Sangam.Identity.Infrastructure/Security/Argon2idPasswordHasher.cs:10 — replaces the PBKDF2 default with Argon2id,PBKDF2 is not used for passwords.,review
V2.4.4,V2 Authentication,Credential Storage,"Verify that if bcrypt is used, the work factor SHOULD be as large as verification server performance will allow, with a minimum of 10.",N/A,"src/Sangam.Identity.Infrastructure/Security/Argon2idPasswordHasher.cs:10 — Argon2id, not bcrypt",bcrypt is not used.,review
V2.4.5,V2 Authentication,Credential Storage,"Verify that an additional iteration of a key derivation function is performed, using a salt value that is secret and known only to the verifier. Generate the salt value using an approved random bit generator [SP 800-90Ar1] and provide at least the minimum security strength specified in the latest revision of SP 800-131A. The secret salt value SHALL be stored separately from the hashed passwords (e.g., in a specialized device like a hardware security module).",Not met,"src/Sangam.Identity.Infrastructure/Security/Argon2idPasswordHasher.cs:70-80 — Argon2id over password+salt only; no secret key/pepper ; src/Sangam.Identity.Infrastructure/Security/Argon2idOptions.cs:10-16 — only memory, iterations, parallelism configurable","Not met: Argon2id hashes carry a per-password salt but no secret pepper held outside the database. Founder decision: add a pepper held in the key vault or with the key ring (existing hashes are re-wrapped at next sign-in), or accept.",founder decision
V2.5.1,V2 Authentication,Credential Recovery,Verify that a system generated initial activation or recovery secret is not sent in clear text to the user.,Partly,"src/Sangam.Identity.Infrastructure/Accounts/AccountService.cs:445 — reset issues a 6-digit code that is e-mailed ; src/Sangam.Identity.Infrastructure/Accounts/OneTimeCodeService.cs:74-76,147-151 — code stored only as a hash, 10-minute lifetime, single use","Recovery uses a short-lived, single-use code rather than a password, but the code itself is delivered in clear text by e-mail; transport security of the mail path (Anjal) is outside this code.",review
V2.5.2,V2 Authentication,Credential Recovery,"Verify password hints or knowledge-based authentication (so-called ""secret questions"") are not present.",Met,"grep across src for 'security question', 'secret question', 'password hint' finds nothing ; src/Sangam.Identity.Server/Pages/Account/Forgot.cshtml.cs — recovery asks only for the e-mail address",No password hints or knowledge-based questions exist.,review
V2.5.3,V2 Authentication,Credential Recovery,Verify password credential recovery does not reveal the current password in any way.,Met,src/Sangam.Identity.Infrastructure/Accounts/AccountService.cs:522-559 — reset verifies the code and sets a new password; the old one is never read ; PortalServiceTests.Export_ContainsTheUsersDataAndNoPasswordHash,Only a one-way Argon2id hash is held; recovery sets a new password and never reveals the old one.,review
V2.5.4,V2 Authentication,Credential Recovery,"Verify shared or default accounts are not present (e.g. ""root"", ""admin"", or ""sa"").",Met,"src/Sangam.Identity.Infrastructure/Seeding/OperatorBootstrapper.cs:40-47 — first operator must be an existing registered personal account; refuses once any operator exists ; src/Sangam.Identity.Infrastructure/Seeding/DevelopmentSeeder.cs:15-18 — seeds only development client apps, no user accounts ; MfaAndBootstrapTests.Bootstrap_MakesTheFirstOwner_ThenRefusesForever",No built-in admin/root/shared user accounts are created; operators are named personal accounts.,review
V2.5.5,V2 Authentication,Credential Recovery,"Verify that if an authentication factor is changed or replaced, that the user is notified of this event.",Met,src/Sangam.Identity.Infrastructure/Accounts/SecurityNotices.cs:35 — SecurityNotices (R7) ; tests/Sangam.Identity.Infrastructure.Tests/Accounts/AccountServiceTests.cs — notice after reset and change ; tests/Sangam.Identity.Infrastructure.Tests/Admin/MfaAndBootstrapTests.cs — notice after authenticator added and removed ; tests/Sangam.Identity.Infrastructure.Tests/Passkeys/PasskeyServiceTests.cs — notice after passkey removed,"Every change to a sign-in factor now e-mails the person: password change or reset, authenticator added or removed, passkey added or removed, e-mail address changed, support reset of two-step sign-in. A notice that cannot be sent never blocks the change.",R7 fix
V2.5.6,V2 Authentication,Credential Recovery,"Verify forgotten password, and other recovery paths use a secure recovery mechanism, such as time-based OTP (TOTP) or other soft token, mobile push, or another offline recovery mechanism.",Partly,"src/Sangam.Identity.Infrastructure/Accounts/AccountService.cs:429-446,486-529 — forgotten password recovered with an e-mailed 6-digit code ; src/Sangam.Identity.Infrastructure/Admin/TotpMfaService.cs:88 — 10 recovery codes issued with TOTP enrolment (offline recovery for the second factor) ; AuthScreenTests.WithAnAuthenticator_ThePasswordAloneIsNotEnough","Password recovery relies on an e-mailed code (not TOTP/soft token/push); an enrolled authenticator is still required after reset, and TOTP has offline recovery codes.",review
V2.5.7,V2 Authentication,Credential Recovery,"Verify that if OTP or multi-factor authentication factors are lost, that evidence of identity proofing is performed at the same level as during enrollment.",Partly,"src/Sangam.Identity.Infrastructure/Admin/EfMfaResetService.cs:21-24 — support reset with 24h (72h privileged) cooling-off and multi-channel cancel notices ; src/Sangam.Identity.Application/Admin/AdminContracts.cs:105-115 — operator must record a proofing method (video call, in person, verified-mobile callback) ; src/Sangam.Identity.Infrastructure/Admin/EfAdminService.cs:676-692 — RequestTwoStepResetAsync records method + reference ; TwoStepResetTests.AfterTheCoolingOff_TheResetIsApplied_Once_AndThePersonIsTold ; CoolingOffTests.TheCoolingOff_IsNeverBelow24Hours_AndPrivilegedIsNeverShorter","Lost-MFA resets require a recorded identity-proofing method and a cooling-off period, but the proofing itself is a human procedure. Founder: write the support proofing procedure and confirm it is at least as strong as enrolment.",review
V2.6.1,V2 Authentication,Look-up Secret Verifier,Verify that lookup secrets can be used only once.,Met,src/Sangam.Identity.Infrastructure/Admin/TotpMfaService.cs:120 — RedeemTwoFactorRecoveryCodeAsync (removes the code on use) ; MfaAndBootstrapTests.Verify_AcceptsTheCurrentCodeAndARecoveryCodeOnce_AndCountsWrongOnesTowardsLockout,TOTP recovery codes (Sangam's look-up secrets) work once; the test shows a reused code is refused.,review
V2.6.2,V2 Authentication,Look-up Secret Verifier,"Verify that lookup secrets have sufficient randomness (112 bits of entropy), or if less than 112 bits of entropy, salted with a unique and random 32-bit salt and hashed with an approved one-way hash.",Partly,"src/Sangam.Identity.Infrastructure/Accounts/SangamUserStore.cs:90 — Hash (R7) ; tests/Sangam.Identity.Infrastructure.Tests/Admin/MfaAndBootstrapTests.cs:214 — stored hashed, not in clear","R7: recovery codes are now stored only as SHA-256 hashes, and redeeming one compares hashes. The codes are still the framework’s 10 characters (about 50 bits) and the hash is unkeyed, so someone holding a copy of the database could recover them offline with effort. Each code works once, and wrong ones count towards lockout. Next step: longer codes or a keyed hash.",R7 fix
V2.6.3,V2 Authentication,Look-up Secret Verifier,"Verify that lookup secrets are resistant to offline attacks, such as predictable values.",Partly,src/Sangam.Identity.Infrastructure/Accounts/SangamUserStore.cs:90 — Hash (R7),R7: recovery codes are no longer stored in clear (see V2.6.2); they still have well under 112 bits.,R7 fix
V2.7.1,V2 Authentication,Out of Band Verifier,"Verify that clear text out of band (NIST ""restricted"") authenticators, such as SMS or PSTN, are not offered by default, and stronger alternatives such as push notifications are offered first.",Met,src/Sangam.Identity.Server/appsettings.json:45 — Sms:Enabled false by default ; src/Sangam.Identity.Server/Pages/Account/LoginVerify.cshtml.cs:16-19 — codes are e-mailed first; SMS only as an opt-in alternative ; src/Sangam.Identity.Infrastructure/Passkeys/PasskeySettings.cs:50 — passkeys offered on the sign-in page; TOTP in the portal,SMS is off by default and only offered as an alternative to the e-mailed code; passkeys and authenticator apps are available. No push authenticator exists.,review
V2.7.2,V2 Authentication,Out of Band Verifier,"Verify that the out of band verifier expires out of band authentication requests, codes, or tokens after 10 minutes.",Met,"src/Sangam.Identity.Application/Accounts/OtpOptions.cs:10 — Lifetime default 10 minutes ; src/Sangam.Identity.Server/appsettings.json:30 — Otp:Lifetime 00:10:00 ; src/Sangam.Identity.Infrastructure/Accounts/OneTimeCodeService.cs:76,94 — expiry enforced on verify ; OneTimeCodeServiceTests.Verify_RefusesAfterExpiry",E-mail and SMS codes expire after 10 minutes (configurable; must not be raised in production).,review
V2.7.3,V2 Authentication,Out of Band Verifier,"Verify that the out of band verifier authentication requests, codes, or tokens are only usable once, and only for the original authentication request.",Met,"src/Sangam.Identity.Infrastructure/Accounts/OneTimeCodeService.cs:63-66,120 — new code voids the old one; consumed on success ; src/Sangam.Identity.Infrastructure/Accounts/OneTimeCodeService.cs:162 — hash binds user id and purpose ; OneTimeCodeServiceTests.Verify_AcceptsOnceThenRefuses ; OneTimeCodeServiceTests.Verify_IgnoresSpacesAndIsPurposeBound ; EmailChangeServiceTests.ASignInCode_CannotConfirmAChange","Codes are single-use and bound to the user and purpose (sign-in, reset, verification, e-mail change).",review
V2.7.4,V2 Authentication,Out of Band Verifier,Verify that the out of band authenticator and verifier communicates over a secure independent channel.,Partly,"src/Sangam.Identity.Infrastructure/Messaging/AnjalSmsSender.cs, Messaging/AnjalEmailSender.cs — delivery through the Anjal service ; src/Sangam.Identity.Infrastructure/Sms/EfSmsCodeService.cs:158-160 — SMS sign-in codes only to a verified mobile","Codes go by e-mail (and optionally SMS) via Anjal; e-mail is not an independent secure channel in NIST terms, and channel security beyond Sangam's HTTPS call to Anjal is not visible in code. Founder: confirm Anjal/SMS provider transport security.",review
V2.7.5,V2 Authentication,Out of Band Verifier,Verify that the out of band verifier retains only a hashed version of the authentication code.,Met,"src/Sangam.Identity.Infrastructure/Accounts/OneTimeCodeService.cs:74,147-151 — only SHA-256(userId|purpose|code) stored ; OneTimeCodeServiceTests.Issue_ReturnsSixDigitsAndStoresOnlyAHash ; SmsCodeServiceTests.AVerificationCode_IsTexted_AndProvesTheMobile_WithoutKeepingTheNumberOrTheCode","Only a hash of the code is kept. Note the hash is a fast unkeyed SHA-256 over a 6-digit space, so it is brute-forceable offline during its 10-minute life.",review
V2.7.6,V2 Authentication,Out of Band Verifier,"Verify that the initial authentication code is generated by a secure random number generator, containing at least 20 bits of entropy (typically a six digital random number is sufficient).",Met,"src/Sangam.Identity.Infrastructure/Accounts/OneTimeCodeService.cs:68 — RandomNumberGenerator.GetInt32(0, 1_000_000), 6 digits",Codes are six random digits from the OS CSPRNG (about 20 bits).,review
V2.8.1,V2 Authentication,One Time Verifier,Verify that time-based OTPs have a defined lifetime before expiring.,Met,"src/Sangam.Identity.Infrastructure/Admin/TotpMfaService.cs:66,78,112 — standard otpauth TOTP (default 30-second step) verified by Identity's AuthenticatorTokenProvider","TOTP codes have a defined time step from ASP.NET Core Identity's RFC 6238 provider (30 s; step itself is framework-defined, not configured in repo).",review
V2.8.2,V2 Authentication,One Time Verifier,"Verify that symmetric keys used to verify submitted OTPs are highly protected, such as by using a hardware security module or secure operating system based key storage.",Met,src/Sangam.Identity.Infrastructure/Accounts/SangamUserStore.cs:50 — protected with the dp1: prefix (R7) ; tests/Sangam.Identity.Infrastructure.Tests/Admin/MfaAndBootstrapTests.cs:214 — stored encrypted; a plain legacy secret still works,"The authenticator secret is encrypted with ASP.NET Data Protection (the key ring is itself protected by a certificate in production), so a copy of the database alone cannot generate codes. A secret stored before R7 is still read and is encrypted when next written.",R7 fix
V2.8.3,V2 Authentication,One Time Verifier,"Verify that approved cryptographic algorithms are used in the generation, seeding, and verification of OTPs.",Met,"src/Sangam.Identity.Infrastructure/Admin/TotpMfaService.cs:15-19,56,78 — uses Identity's TOTP provider and ResetAuthenticatorKeyAsync, no hand-rolled crypto",Generation and verification use ASP.NET Core Identity's RFC 6238 (HMAC-SHA1) implementation with CSPRNG-generated keys.,review
V2.8.4,V2 Authentication,One Time Verifier,Verify that time-based OTP can be used only once within the validity period.,Met,src/Sangam.Identity.Infrastructure/Accounts/SangamAuthenticatorTokenProvider.cs:78 — conditional upsert of the last step (R7) ; tests/Sangam.Identity.Infrastructure.Tests/Admin/MfaAndBootstrapTests.cs:113 — the code that confirmed the app is refused the second time ; tests/Sangam.Identity.Infrastructure.Tests/Admin/MfaAndBootstrapTests.cs:250 — RFC 6238 vectors,"Each authenticator code is accepted once: the last accepted 30-second step is recorded per person with one conditional upsert, so a replayed code — even one racing the first use — is refused. Codes match the RFC 6238 test vectors.",R7 fix
V2.8.5,V2 Authentication,One Time Verifier,"Verify that if a time-based multi-factor OTP token is re-used during the validity period, it is logged and rejected with secure notifications being sent to the holder of the device.",Partly,src/Sangam.Identity.Infrastructure/Accounts/SangamAuthenticatorTokenProvider.cs:78 — reuse refused (R7),"R7: a reused code is refused and counts as a failed attempt towards lockout (audited as a failed two-step check). It is not reported as a replay specifically, and the person is not notified.",R7 fix
V2.8.6,V2 Authentication,One Time Verifier,"Verify physical single-factor OTP generator can be revoked in case of theft or other loss. Ensure that revocation is immediately effective across logged in sessions, regardless of location.",N/A,"src/Sangam.Identity.Infrastructure/Admin/TotpMfaService.cs:20 — only authenticator apps (multi-factor TOTP), no hardware single-factor OTP tokens",Sangam does not issue or support physical single-factor OTP generators.,review
V2.8.7,V2 Authentication,One Time Verifier,Verify that biometric authenticators are limited to use only as secondary factors in conjunction with either something you have and something you know.,Met,src/Sangam.Identity.Infrastructure/Passkeys/PasskeySettings.cs:50 — UserVerificationRequirement = required ; src/Sangam.Identity.Domain/Enums/SignInMode.cs:18 — passkey counts as two factors (device possession + local UV) ; PasskeyServiceTests.RegistrationWithoutUserVerification_IsRefused,"Biometrics are only ever used as the on-device user-verification step of a passkey, together with possession of the authenticator; Sangam never accepts a biometric alone.",review
V2.9.1,V2 Authentication,Cryptographic Verifier,"Verify that cryptographic keys used in verification are stored securely and protected against disclosure, such as using a Trusted Platform Module (TPM) or Hardware Security Module (HSM), or an OS service that can use this secure storage.",Partly,src/Sangam.Identity.Infrastructure/Passkeys/PasskeySettings.cs:52 — AttestationConveyancePreference = none ; src/Sangam.Identity.Infrastructure/Passkeys/EfPasskeyService.cs:84-150 — server stores only public keys,"Private keys live in users' authenticators; because attestation is not collected, Sangam cannot verify they are TPM/secure-enclave protected (synced passkeys are allowed). Founder: accept this or require attestation for high-assurance apps.",review
V2.9.2,V2 Authentication,Cryptographic Verifier,"Verify that the challenge nonce is at least 64 bits in length, and statistically unique or unique over the lifetime of the cryptographic device.",Met,"src/Sangam.Identity.Infrastructure/DependencyInjection.cs:127 — passkeys on ASP.NET Core Identity's IdentityPasskeyOptions; ChallengeSize not overridden in src (grep), framework default 32 bytes (per Microsoft.AspNetCore.Identity XML docs) ; src/Sangam.Identity.Infrastructure/Passkeys/EfPasskeyService.cs:256,252-255 — each challenge stored with 5-minute expiry and taken once ; PasskeyServiceTests.AChallenge_WorksOnce_SoACapturedAnswerCannotBeReplayed",Challenges are 256-bit random values (framework default) and single-use.,review
V2.9.3,V2 Authentication,Cryptographic Verifier,"Verify that approved cryptographic algorithms are used in the generation, seeding, and verification.",Met,src/Sangam.Identity.Infrastructure/Passkeys/PasskeySettings.cs:44-55 — ASP.NET Core Identity WebAuthn with origin and RP-ID checks ; PasskeyServiceTests.AnAnswerFromAnotherSite_IsRefused ; PasskeyServiceTests.ACounterThatGoesBackwards_IsRefused_AsAPossibleClone,"WebAuthn verification uses the framework's standard implementation (COSE algorithms), with origin, RP-ID, UV and signature-counter checks.",review
V2.10.1,V2 Authentication,Service Authentication,"Verify that intra-service secrets do not rely on unchanging credentials such as passwords, API keys or shared accounts with privileged access.",Partly,src/Sangam.SelfService.Web/Program.cs:52 — console authenticates to the IdP with a static client secret ; deploy/production/docker-compose.yml:115-131 — static Anjal API key and client secrets shared by hosts ; src/Sangam.Client/SangamManagementClient.cs:34 — management API uses short-lived client-credentials tokens,"Service calls use OAuth tokens, but those are obtained with long-lived static client secrets, and Anjal is called with a static API key. Consider private_key_jwt/mTLS or a rotation schedule.",review
V2.10.2,V2 Authentication,Service Authentication,"Verify that if passwords are required for service authentication, the service account used is not a default credential. (e.g. root/root or admin/admin are default in some services during installation).",Partly,"src/Sangam.Identity.Infrastructure/Seeding/ClientRegistration.cs:90-92 — refuses to start with short or 'change-me' client secrets ; deploy/production/secrets/README.md:9 — hosts connect with a separate application DB role, not the owner ; deploy/production/postgres/docker-compose.yml:10-11 — superuser is the default 'postgres' name (password from secret file)","Default client secrets are refused at start-up and the app uses its own DB role, but the database superuser keeps the default name 'postgres'. Founder: confirm the application role and the secrets used in production are non-default.",review
V2.10.3,V2 Authentication,Service Authentication,"Verify that passwords are stored with sufficient protection to prevent offline recovery attacks, including local system access.",Partly,deploy/production/docker-compose.yml:169-183 — secrets as Docker secret files ; src/Sangam.Identity.Infrastructure/KeyRingProtection.cs:32-33 — data-protection key ring encrypted with a certificate,"Service secrets are files on the host readable by the containers; only the key ring is encrypted at rest. Protection of the host files (permissions, disk encryption, backups) is an operational matter for the founder.",review
V2.10.4,V2 Authentication,Service Authentication,"Verify passwords, integrations with databases and third-party systems, seeds and internal secrets, and API keys are managed securely and not included in the source code or stored within source code repositories. Such storage SHOULD resist offline attacks. The use of a secure software key store (L1), hardware TPM, or an HSM (L3) is recommended for password storage.",Met,".gitignore:47-49 — deploy/production/secrets/* never committed ; deploy/production/docker-compose.yml:169-183 — connection strings, API keys and certificate passwords supplied as secrets ; src/Sangam.Identity.Infrastructure/Seeding/ClientRegistration.cs:90-92 — development secrets refused in production ; src/Sangam.Identity.Server/appsettings.json:11 — connection string empty in source",Production secrets are kept out of the repository and injected as secret files; the only secrets in source are development values that the host refuses to run with.,review
V3.1.1,V3 Session Management,Fundamental Session Management Security,Verify the application never reveals session tokens in URL parameters.,Met,src/Sangam.Identity.Server/Authentication/SangamAuthentication.cs:14-18 — half-finished flows carried in a cookie 'without putting identifiers in the URL' ; src/Sangam.Identity.Server/Authentication/SangamAuthentication.cs:102 — session in the sangam.session cookie ; src/Sangam.Identity.Server/Program.cs:147-154 — authorization code flow with PKCE (no implicit tokens in URLs),"Session tokens live only in cookies; OIDC uses the code flow, so no session or access tokens appear in URLs.",review
V3.2.1,V3 Session Management,Session Binding,Verify the application generates a new session token on user authentication.,Met,"src/Sangam.Identity.Server/Authentication/SangamAuthentication.cs:140-178 — every sign-in creates a new user_sessions row and issues a fresh cookie, clearing the pending cookie ; src/Sangam.Identity.Infrastructure/Portal/EfSessionService.cs:34 — new random session id per sign-in",A new session cookie and session id are created on each successful authentication.,review
V3.2.2,V3 Session Management,Session Binding,Verify that session tokens possess at least 64 bits of entropy.,Met,src/Sangam.Identity.Infrastructure/Portal/EfSessionService.cs:34 — Guid.NewGuid() session id (122 random bits) ; src/Sangam.Identity.Infrastructure/KeyRingProtection.cs:32 — cookie tickets encrypted/authenticated by ASP.NET Core Data Protection,"The session cookie is an encrypted, MAC-protected ticket containing a random 122-bit session id, well above 64 bits.",review
V3.2.3,V3 Session Management,Session Binding,Verify the application only stores session tokens in the browser using secure methods such as appropriately secured cookies (see section 3.4) or HTML 5 session storage.,Met,src/Sangam.Identity.Server/Authentication/SangamAuthentication.cs:102-105 — HttpOnly cookie ; src/Sangam.SelfService.Web/Program.cs:62-65; src/Sangam.Admin.Web/Program.cs:58-61; src/Sangam.Partner.Web/Program.cs:54-57 — HttpOnly cookies,Session tokens are stored only in cookies (not localStorage). Secure/prefix gaps are covered under V3.4.,review
V3.2.4,V3 Session Management,Session Binding,Verify that session tokens are generated using approved cryptographic algorithms.,Met,src/Sangam.Identity.Infrastructure/Portal/EfSessionService.cs:34 — Guid.NewGuid (OS CSPRNG) ; src/Sangam.Identity.Infrastructure/KeyRingProtection.cs:22-35 — ASP.NET Core Data Protection (AES-256-CBC + HMAC-SHA256) protects cookie tickets,Session identifiers and cookie protection use the platform's standard cryptography.,review
V3.3.1,V3 Session Management,Session Termination,"Verify that logout and expiration invalidate the session token, such that the back button or a downstream relying party does not resume an authenticated session, including across relying parties.",Partly,src/Sangam.Identity.Server/Endpoints/ConnectEndpoints.cs:287 — refresh refused on stamp or session change (R7) ; tests/Sangam.Identity.Server.Tests/Oidc/AuthorizationCodeFlowTests.cs:183 — ARefreshToken_StopsWorking_WhenThePersonSignsOutEverywhere_OrTheirSecurityChanges ; src/Sangam.Identity.Server/Pages/Account/Logout.cshtml.cs:105 — Clear-Site-Data (R7),"R7: refresh tokens now stop working when the sign-in session ends, the person signs out everywhere, their security stamp changes or the account is suspended; pages are no-store and sign-out sends Clear-Site-Data. Remaining: one-hour JWT access tokens stay valid until they expire, and the portal and consoles do not consume back-channel logout, so their cookies last until their own expiry (at most 12 hours).",R7 fix
V3.3.2,V3 Session Management,Session Termination,"If authenticators permit users to remain logged in, verify that re-authentication occurs periodically both when actively used or after an idle period.",Met,src/Sangam.Web.Shared/Hosting/SessionLifetime.cs:19 — 12-hour absolute limit for the portal and consoles (R7) ; src/Sangam.Identity.Server/Authentication/SangamAuthentication.cs:227 — the same limit on the identity server session (R7) ; tests/Sangam.Web.Shared.Tests/Hosting/SessionLifetimeTests.cs — ASession_EndsTwelveHoursAfterSignIn_HoweverBusy,"Every session now ends 12 hours after the person signed in, however active (identity server, portal and both consoles), besides the idle limits (12 h, 8 h, 2 h). The person then signs in again at the identity server.",R7 fix
V3.3.3,V3 Session Management,Session Termination,"Verify that the application gives the option to terminate all other active sessions after a successful password change (including change via password reset/recovery), and that this is effective across the application, federated login (if present), and any relying parties.",Met,src/Sangam.Identity.Server/Authentication/SangamAuthentication.cs — RenewStampAsync and ValidateSessionAsync ; src/Sangam.Identity.Server/Endpoints/ConnectEndpoints.cs:287 — refresh refused after a stamp change (R7),"A password change or reset, and removing the authenticator, rotate the security stamp: every other identity-server session ends at its next check (within five minutes) and, since R7, every refresh token issued before stops working. The device that changed the password stays signed in. Passkey changes do not end other sessions.",R7 fix
V3.3.4,V3 Session Management,Session Termination,Verify that users are able to view and (having re-entered login credentials) log out of any or all currently active sessions and devices.,Partly,"src/Sangam.SelfService.Web/Components/Pages/Devices.razor:30-76 — list of sessions, end one or all ; src/Sangam.Identity.Infrastructure/Portal/EfPortalService.cs:159-213 — GetSessions/RevokeSession/RevokeAllSessions (stamp rotation) ; PortalServiceTests.Sessions_ListLiveOnes_MarkTheCurrent_AndRevokeOneOrAll","Users can view and end any or all IdP sessions, but no re-entry of credentials is required first, and the console sessions themselves (portal/admin cookies) are not listed.",review
V3.4.1,V3 Session Management,Cookie-based Session Management,Verify that cookie-based session tokens have the 'Secure' attribute set.,Met,src/Sangam.Web.Shared/Hosting/SecurityHeaders.cs:59 — CookiePolicy (R7) ; tests/Sangam.Identity.Server.Tests/SecurityHeaderTests.cs — Cookies_AreAlwaysSecure_OutsideDevelopment,"Every cookie is Secure outside Development and Testing (CookieSecurePolicy.Always), on all four hosts, including antiforgery cookies.",R7 fix
V3.4.2,V3 Session Management,Cookie-based Session Management,Verify that cookie-based session tokens have the 'HttpOnly' attribute set.,Met,"src/Sangam.Identity.Server/Authentication/SangamAuthentication.cs:103,113 — HttpOnly = true ; src/Sangam.SelfService.Web/Program.cs:63; src/Sangam.Admin.Web/Program.cs:59; src/Sangam.Partner.Web/Program.cs:55; src/Sangam.Client/SangamServiceCollectionExtensions.cs:44",All session cookies are HttpOnly.,review
V3.4.3,V3 Session Management,Cookie-based Session Management,Verify that cookie-based session tokens utilize the 'SameSite' attribute to limit exposure to cross-site request forgery attacks.,Met,"src/Sangam.Identity.Server/Authentication/SangamAuthentication.cs:104,114 — SameSite = Lax ; src/Sangam.SelfService.Web/Program.cs:64; src/Sangam.Admin.Web/Program.cs:60; src/Sangam.Partner.Web/Program.cs:56",Session cookies use SameSite=Lax (with antiforgery tokens on posts).,review
V3.4.4,V3 Session Management,Cookie-based Session Management,"Verify that cookie-based session tokens use the ""__Host-"" prefix so cookies are only sent to the host that initially set the cookie.",Not met,"src/Sangam.Identity.Server/Authentication/SangamAuthentication.cs:26,29 — cookie names 'sangam.session', 'sangam.pending' ; src/Sangam.SelfService.Web/Program.cs:62 — 'sangam.portal'; src/Sangam.Admin.Web/Program.cs:58 — 'sangam.admin'","Not met: cookies use plain names. Renaming the session cookies to the __Host- prefix signs everybody out once and requires Secure on every environment, including development over http. Planned for the production cut-over; founder to schedule.",founder decision
V3.4.5,V3 Session Management,Cookie-based Session Management,"Verify that if the application is published under a domain name with other applications that set or use session cookies that might disclose the session cookies, set the path attribute in cookie-based session tokens using the most precise path possible.",Met,"grep: no Cookie.Domain or Cookie.Path set in src — all cookies are host-only ; deploy/production/Caddyfile:21-38 — each app on its own host (id., account., admin., partners., demo.)","Cookies are host-only on separate subdomains, so other apps under sangamid.in (e.g. the demo) never receive them.",review
V3.5.1,V3 Session Management,Token-based Session Management,Verify the application allows users to revoke OAuth tokens that form trust relationships with linked applications.,Met,"src/Sangam.Identity.Infrastructure/Portal/EfPortalService.cs:136-151,473-500 — revoking an app ends grant/consent and revokes its OpenIddict authorizations and tokens ; src/Sangam.SelfService.Web/Components/Pages/ConnectedApps.razor:216 — 'remove access' in the portal ; PortalServiceTests.RevokeApp_EndsTheGrantAndConsent_AndIsAudited","Users can revoke linked applications, which revokes their OAuth authorizations and tokens (JWT access tokens remain valid until expiry, at most 1 hour).",review
V3.5.2,V3 Session Management,Token-based Session Management,"Verify the application uses session tokens rather than static API secrets and keys, except with legacy implementations.",Met,"src/Sangam.Identity.Server/Program.cs:147-154 — OAuth flows; management API protected by tokens ; src/Sangam.Client/SangamManagementClient.cs:34 — client-credentials access tokens, refreshed before expiry",APIs are called with short-lived OAuth tokens rather than static API keys (the static client secret is used only to obtain them; see V2.10.1).,review
V3.5.3,V3 Session Management,Token-based Session Management,"Verify that stateless session tokens use digital signatures, encryption, and other countermeasures to protect against tampering, enveloping, replay, null cipher, and key substitution attacks.",Met,"src/Sangam.Identity.Server/Program.cs:185-210 — tokens signed with configured signing certificates (rotation supported), ID/access token lifetime 1 h ; src/Sangam.Identity.Server/Program.cs:162 — refresh tokens rotate; reuse after leeway revokes the chain ; LogoutChannelTests.ABackEnd_CanIntrospectAToken_AndRevokeIt",Stateless tokens are signed JWTs issued and validated by OpenIddict with certificate keys; access tokens are signed but not encrypted (DisableAccessTokenEncryption).,review
V3.7.1,V3 Session Management,Defenses Against Session Management Exploits,"Verify the application ensures a full, valid login session or requires re-authentication or secondary verification before allowing any sensitive transactions or account modifications.",Partly,"src/Sangam.SelfService.Web/Components/Pages/Profile.razor:377 — e-mail change requires the current password ; src/Sangam.SelfService.Web/Components/Pages/Profile.razor:448-454,459-466,507-515 — sign-in mode change, account deletion and authenticator removal need no re-authentication ; src/Sangam.SelfService.Web/Components/Pages/Devices.razor:118-126 — sign-out-everywhere without re-auth ; src/Sangam.Client/SangamStepUp.cs:39-83 — step-up (acr/max_age) available to relying parties","E-mail change asks for the password and apps can request step-up, but in the portal a user can drop to e-mail-code-only sign-in, remove the authenticator or schedule deletion with no fresh authentication. Require recent sign-in (max_age) or a second-factor check for these.",review
V4.1.1,V4 Access Control,General Access Control Design,"Verify that the application enforces access control rules on a trusted service layer, especially if client-side access control is present and could be bypassed.",Met,"docs/decisions/0005-operator-console-ranks-and-mfa.md:29-30 — authorisation lives in the service, never in the Razor pages ; src/Sangam.Identity.Infrastructure/Admin/EfAdminService.cs:667-673 — RequireAsync rank check inside the service ; src/Sangam.Admin.Web/Components/Common/OperatorGate.razor:58-71 — server-side (Blazor Server) gate re-checks rank and authenticator ; src/Sangam.Identity.Server/Api/ManagementEndpoints.cs:28-35,44 — API policy enforced server-side on the whole /api/v1 group ; AdminServiceTests.OnlySupportAndAbove_MayActOnAUser — service-level boundary test","All consoles are Blazor Server or Razor Pages, so decisions run on the server; UI hiding of buttons is cosmetic and the services repeat every rank check.",review
V4.1.2,V4 Access Control,General Access Control Design,Verify that all user and data attributes and policy information used by access controls cannot be manipulated by end users unless specifically authorized.,Met,"src/Sangam.Identity.Server/Api/ManagementEndpoints.cs:164-174 — the calling app is taken from the token subject, never from the URL ; src/Sangam.Admin.Web/Components/Common/OperatorGate.razor:50-71 — rank and MFA read from the database on every visit, not from claims ; src/Sangam.Identity.Infrastructure/Partners/EfPartnerService.cs:55 — partner admin role looked up from AppAdmins per call ; src/Sangam.Identity.Server/Pages/Sign.cshtml.cs:141 — signer compared with the authenticated user id","Access-control attributes (app id, operator rank, partner role, user id) come from validated tokens/cookies and the database; no request field can set them.",review
V4.1.3,V4 Access Control,General Access Control Design,"Verify that the principle of least privilege exists - users should only be able to access functions, data files, URLs, controllers, services, and other resources, for which they possess specific authorization. This implies protection against spoofing and elevation of privilege.",Met,docs/decisions/0005-operator-console-ranks-and-mfa.md — linear operator ranks (Viewer < AppManager < Support < Owner) ; ConsoleGateTests.AnEnrolledViewer_SeesUsers_ButNoActionsAndNoOperatorsList ; AdminServiceTests.DeleteNow_IsOwnerOnly_PseudonymisesAndKeepsTheAuditTrail ; PartnerServiceTests.OnlyAnOwner_ManagesAdministrators ; src/Sangam.Admin.Web/Program.cs:90 — FallbackPolicy requires an authenticated user for every endpoint,"Ranked roles on the operator and partner consoles, owner-only destructive actions, and app-scoped management tokens. See V4.2.1 for one over-broad API capability.",review
V4.1.5,V4 Access Control,General Access Control Design,Verify that access controls fail securely including when an exception occurs.,Met,"src/Sangam.Identity.Server/Api/ManagementEndpoints.cs:164-174 — no subject or inactive app returns null, which becomes Forbid ; src/Sangam.Admin.Web/Components/Common/OperatorGate.razor:45,52-63 — starts in Checking and falls to NotAnOperator; console content only renders in Open ; src/Sangam.Identity.Server/Program.cs:263-267 — exception handler outside Development ; ManagementApiTests.WithoutAScopedToken_TheApiIsClosed ; ConsoleGateTests.ASignedInUserWithoutARank_IsToldPlainly_AndSeesNoData","Checks default to deny, and an exception surfaces as an error page rather than granting access. Over-long API input that hits a DB column limit ends as a 500, not as access (see V5.1.3).",review
V4.2.1,V4 Access Control,Operation Level Access Control,"Verify that sensitive data and APIs are protected against Insecure Direct Object Reference (IDOR) attacks targeting creation, reading, updating and deletion of records, such as creating or updating someone else's record, viewing everyone's records, or deleting all records.",Partly,"src/Sangam.Identity.Infrastructure/Tenancy/EfManagementService.cs:337-339 — organisations visible only to the app that registered them or has memberships in them ; src/Sangam.Identity.Infrastructure/Signatures/EfSignatureService.cs:169 — signature requests filtered by AppId ; src/Sangam.Identity.Infrastructure/Portal/EfPortalService.cs:182 — session revocation filtered by the user's own id ; PartnerGateTests.APartner_SeesOnlyTheirOwnApplication_NeverAnothers; ManagementServiceTests.Roles_AreInvisibleToOtherApps; PortalScreenTests.ThePortalServiceBehindTheScreens_SeesThisUsersDataOnly; EvidencePackTests.OnlyTheApplicationsAdministrators_GetAPack ; src/Sangam.Identity.Infrastructure/Tenancy/EfManagementService.cs:248-252,266-270 — GAP: PUT /orgs/{org}/members/{userId} accepts any active Sangam user id, answers 'does not exist' for unknown ids, and creates an app grant for that user without their consent","Object-level checks are consistent across consoles, portal and API. By design, an application with sangam.manage can add a person to one of its organisations by their Sangam id, which links the person to the application without their consent. Founder decision: require that the person has already signed in to the application (consent first), or use pairwise subject ids (OI-050).",founder decision
V4.2.2,V4 Access Control,Operation Level Access Control,"Verify that the application or framework enforces a strong anti-CSRF mechanism to protect authenticated functionality, and effective anti-automation or anti-CSRF protects unauthenticated functionality.",Met,"src/Sangam.Admin.Web/Program.cs:116, src/Sangam.Partner.Web/Program.cs:122, src/Sangam.SelfService.Web/Program.cs:123 — UseAntiforgery on the Blazor hosts ; PasskeyPageTests.ThePasskeyEndpoint_RefusesAPostWithoutTheAntiforgeryToken; EvidenceDownloadTests.WithoutTheAntiforgeryToken_NothingIsBuilt ; src/Sangam.Identity.Server/Authentication/SangamAuthentication.cs:103-105 — session cookie HttpOnly, SameSite=Lax ; src/Sangam.Identity.Server/Authentication/AuthRateLimiting.cs:55-78 — per-IP limits on auth posts, token, userinfo and API ; RateLimitTests.TheThirdRequestInAMinute_IsRefused_WhenTheLimitIsTwo; AntibotTests.Forgot_WithTheHoneypotFilled_IsRefused","Razor Pages validate antiforgery tokens on POST by default. Endpoints that switch it off (/api/v1, /connect/*, /saml/sso, /sms/delivery-report) take a bearer token, a protocol message or a shared header token, not a cookie.",review
V4.3.1,V4 Access Control,Other Access Control Considerations,Verify administrative interfaces use appropriate multi-factor authentication to prevent unauthorized use.,Met,src/Sangam.Admin.Web/Components/Common/OperatorGate.razor:65-71 — console refuses an operator without an enrolled authenticator ; src/Sangam.Identity.Server/Pages/Account/AuthPageModel.cs:86-90 — an enrolled user is always sent to the authenticator step after the password ; ConsoleGateTests.AnOperatorWithoutAnAuthenticator_IsSentToEnrol_WhateverTheirRank; PartnerGateTests.AnAdministratorWithoutAnAuthenticator_IsSentToEnrol ; AuthScreenTests.WithAnAuthenticator_ThePasswordAloneIsNotEnough ; MfaAndBootstrapTests.AnOperator_CannotRemoveTheirAuthenticator_ButAnOrdinaryUserCan,"MFA is mandatory for the operator and partner consoles. The consoles check enrolment rather than an amr/acr claim in the token, so they rely on the identity server always asking enrolled users for the second factor.",review
V4.3.2,V4 Access Control,Other Access Control Considerations,"Verify that directory browsing is disabled unless deliberately desired. Additionally, applications should not allow discovery or disclosure of file or directory metadata, such as Thumbs.db, .DS_Store, .git or .svn folders.",Met,src/Sangam.Identity.Server/Program.cs:278 — MapStaticAssets only (build-manifest assets); no UseDirectoryBrowser or UseStaticFiles anywhere in src ; deploy/production/Caddyfile:6-19 — the edge only reverse-proxies; no file_server ; AuthScreenTests.DeveloperPages_AreNotServedOutsideDevelopment,No directory listing. The only files served are the compiled wwwroot assets. The pre-fix ZAP baseline and full scans (r7ev/security/zap/round1-before-fixes) reported no directory-browsing or file-disclosure alerts; the one low-confidence 'Path Traversal' on /profile _handler is a false positive from the Blazor form handler name.,review
V4.3.3,V4 Access Control,Other Access Control Considerations,"Verify the application has additional authorization (such as step up or adaptive authentication) for lower value systems, and / or segregation of duties for high value applications to enforce anti-fraud controls as per the risk of application and past fraud.",Met,"src/Sangam.Identity.Server/Endpoints/ConnectEndpoints.cs:134-160 — step-up with acr_values/max_age forces fresh, stronger sign-in ; src/Sangam.Identity.Server/Pages/Sign.cshtml.cs:124-138 — signatures need two factors within the freshness window ; CoolingOffTests.TheCoolingOff_IsNeverBelow24Hours_AndPrivilegedIsNeverShorter — MFA resets wait out a cooling-off period ; AdminServiceTests.TheLastOwner_CannotBeRevoked; StepUpTests.AskingForLevel2_SendsAPasswordSessionBackToSignIn_WhichAddsTheCodeStep","High-value actions have step-up authentication, cooling-off periods and owner-only segregation.",review
V5.1.1,"V5 Validation, Sanitization and Encoding",Input Validation,"Verify that the application has defenses against HTTP parameter pollution attacks, particularly if the application framework makes no distinction about the source of request parameters (GET, POST, cookies, headers, or environment variables).",Partly,"src/Sangam.Identity.Server/Saml/SamlEndpoints.cs:92-93 — SAML reads one value; a duplicated parameter is comma-joined, then fails base64 or signature checks ; src/Sangam.Identity.Server/Api/ManagementEndpoints.cs:53 — typed route and JSON body binding","ASP.NET Core keeps repeated parameters as distinct values, and the API takes typed JSON bodies. No application-level duplicate-parameter rejection or test exists for the OIDC endpoints, and this review did not confirm OpenIddict's behaviour on duplicated OAuth parameters.",review
V5.1.2,"V5 Validation, Sanitization and Encoding",Input Validation,"Verify that frameworks protect against mass parameter assignment attacks, or that the application has countermeasures to protect against unsafe parameter assignment, such as marking fields private or similar.",Met,"src/Sangam.Identity.Application/Tenancy/ManagementContracts.cs:20,38,56 — dedicated input records (RoleUpsert, OrganisationUpsert, MembershipUpsert), never entities ; src/Sangam.Identity.Infrastructure/Tenancy/EfManagementService.cs:271-279 — fields copied one by one onto the entity ; src/Sangam.Identity.Server/Pages/Account/Register.cshtml.cs:46-98 — [BindProperty] on individual properties only ; src/Sangam.Identity.Infrastructure/Portal/EfPortalService.cs:426-437 — the profile update sets only the allowed fields","No entity is model-bound directly. Inputs are DTOs or individual properties, and privileged fields (status, roles, app id) cannot be posted.",review
V5.1.3,"V5 Validation, Sanitization and Encoding",Input Validation,"Verify that all input (HTML form fields, REST requests, URL parameters, HTTP headers, cookies, batch files, RSS feeds, etc) is validated using positive validation (allow lists).",Met,src/Sangam.Identity.Infrastructure/Tenancy/EfManagementService.cs:152 — limits (R7) ; tests/Sangam.Identity.Infrastructure.Tests/Tenancy/ManagementServiceTests.cs:78 — OverLongOrMissingValues_AreRefusedWithAReason_NotADatabaseError ; src/Sangam.Identity.Infrastructure/Portal/EfPortalService.cs:429 — locale allow-list (R7),"R7: role names, descriptions and permissions, organisation names and metadata are length- and shape-checked in the service with a reason (no database error), and the portal accepts only the supported locales.",R7 fix
V5.1.4,"V5 Validation, Sanitization and Encoding",Input Validation,"Verify that structured data is strongly typed and validated against a defined schema including allowed characters, length and pattern (e.g. credit card numbers, e-mail addresses, telephone numbers, or validating that two related fields are reasonable, such as checking that suburb and zip/postcode match).",Met,src/Sangam.Identity.Infrastructure/Portal/EfPortalService.cs:429 — locale allow-list (R7) ; src/Sangam.Identity.Infrastructure/Tenancy/EfManagementService.cs:152 — metadata limit (R7),R7: the locale is checked against the supported list; organisation metadata must be a JSON object of at most 8 KB.,R7 fix
V5.1.5,"V5 Validation, Sanitization and Encoding",Input Validation,"Verify that URL redirects and forwards only allow destinations which appear on an allow list, or show a warning when redirecting to potentially untrusted content.",Met,"src/Sangam.Identity.Server/Pages/Account/AuthPageModel.cs:38 — SafeReturnUrl allows local URLs only ; src/Sangam.Identity.Server/Pages/Account/Consent.cshtml.cs:96 — Url.IsLocalUrl before LocalRedirect ; src/Sangam.Identity.Server/Api/ManagementEndpoints.cs:135-141 — the signature returnUrl must be one of the app's registered redirect URIs ; src/Sangam.Identity.Infrastructure/Saml/SamlIdentityProvider.cs:109-115 — ACS must be a registered address ; src/Sangam.Web.Shared/Localization/LocalizationExtensions.cs:57,67-68 — the language switch only returns to a local path ; SamlTests.Requests_ToAnUnregisteredAddress_Unsigned_OrStale_AreRefused; LanguageTests.ThePicker_RemembersTheChoice_AndOnlyGoesBackToSangamItself",Every redirect goes to a local path or a registered address. OpenIddict validates redirect_uri and post_logout_redirect_uri against each client's registration.,review
V5.2.1,"V5 Validation, Sanitization and Encoding",Sanitization and Sandboxing,Verify that all untrusted HTML input from WYSIWYG editors or similar is properly sanitized with an HTML sanitizer library or framework feature.,Met,src/Sangam.Identity.Infrastructure/Customisation/TemplateText.cs:111-138 — partner-written e-mail text is HTML-encoded paragraph by paragraph; no HTML input is accepted ; TemplateTextTests.TheHtml_KeepsSangamsLayout_AndEncodesEverythingAPartnerWrote,There is no WYSIWYG or rich HTML input. All partner and user text is treated as plain text and encoded.,review
V5.2.2,"V5 Validation, Sanitization and Encoding",Sanitization and Sandboxing,Verify that unstructured data is sanitized to enforce safety measures such as allowed characters and length.,Met,src/Sangam.Identity.Infrastructure/Tenancy/EfManagementService.cs:152 — limits (R7),R7: the management API’s free-text fields have service-level limits (see V5.1.3).,R7 fix
V5.2.3,"V5 Validation, Sanitization and Encoding",Sanitization and Sandboxing,Verify that the application sanitizes user input before passing to mail systems to protect against SMTP or IMAP injection.,Met,src/Sangam.Identity.Infrastructure/Customisation/TemplateText.cs:29 — FillSubject (R7) ; tests/Sangam.Identity.Infrastructure.Tests/Customisation/TemplateTextTests.cs:23 — ASubject_StaysOnOneLine_WhateverIsFilledIntoIt,"R7: a template subject with any control character is refused, and values filled into a subject have control characters replaced by spaces, so no header can be split. Sangam hands the message to Anjal over HTTPS; Anjal’s own header handling is outside this repository (founder to confirm).",R7 fix
V5.2.4,"V5 Validation, Sanitization and Encoding",Sanitization and Sandboxing,"Verify that the application avoids the use of eval() or other dynamic code execution features. Where there is no alternative, any user input being included must be sanitized or sandboxed before being executed.",Met,"src/Sangam.Web.Shared/Hosting/SecurityHeaders.cs:142 — script-src 'self' (plus one hashed form_post script), no 'unsafe-eval' ; SecurityHeadersTests.ThePolicy_AllowsScriptOnlyFromSangam_AndNeverInline (tests/Sangam.Web.Shared.Tests/Hosting/SecurityHeadersTests.cs) ; src/Sangam.Identity.Server/wwwroot/js/passkeys.js:37 — JSON via response.json(); grep found no eval/new Function/innerHTML in any src JS, and no dynamic code loading in C#","No eval or dynamic code execution in client or server code, and the CSP would block it.",review
V5.2.5,"V5 Validation, Sanitization and Encoding",Sanitization and Sandboxing,Verify that the application protects against template injection attacks by ensuring that any user input being included is sanitized or sandboxed.,Met,"src/Sangam.Identity.Infrastructure/Customisation/TemplateText.cs:35-39,138-139 — templates filled by a fixed {{name}} regex from a known variable set; no template engine runs partner text ; TemplateTextTests.AnEmailTemplate_IsChecked — unknown variables such as {{password}} are refused","Partner-editable templates are plain-text substitution, not Razor or Liquid, so there is no template injection.",review
V5.2.6,"V5 Validation, Sanitization and Encoding",Sanitization and Sandboxing,"Verify that the application protects against SSRF attacks, by validating or sanitizing untrusted data or HTTP file metadata, such as filenames and URL input fields, and uses allow lists of protocols, domains, paths and ports.",Met,"src/Sangam.Identity.Infrastructure/Provisioning/OutboundHttp.cs:39-61 — https only, no userinfo/fragment, private IP literals refused ; src/Sangam.Identity.Infrastructure/Provisioning/OutboundHttp.cs:66-79,115-130 — no redirects; the resolved address is checked again at connect time (defeats DNS rebinding) ; src/Sangam.Identity.Infrastructure/DependencyInjection.cs:223-232 and src/Sangam.Identity.Server/Program.cs:68-69 — SCIM, webhooks, DigiLocker and back-channel logout all use the guarded handler ; ScimProvisioningTests.OutboundAddresses_AreHttps_AndNeverPrivate_UnlessAllowed; ScimProvisioningTests.PrivateAddresses_AreRecognised; AdminServiceTests.ABackChannelAddress_OnAPrivateNetwork_IsRefused",Strong SSRF guard on every partner-supplied URL. Minor: NAT64 and 6to4 IPv6 prefixes are not treated as private. The Development-only /dev/callback page builds its token URL from the Host header (NotFound outside Development).,review
V5.2.7,"V5 Validation, Sanitization and Encoding",Sanitization and Sandboxing,"Verify that the application sanitizes, disables, or sandboxes user-supplied Scalable Vector Graphics (SVG) scriptable content, especially as they relate to XSS resulting from inline scripts, and foreignObject.",Met,"src/Sangam.Identity.Infrastructure/Customisation/LogoCheck.cs:51-125 — SVG allow-check: no DTD, no script/foreignObject/animate, no on* handlers, no external href/url()/@import ; src/Sangam.Identity.Server/Endpoints/BrandingEndpoints.cs:26-30 — logos served with nosniff and CSP ""default-src 'none'; sandbox"" ; LogoCheckTests.AnSvg_MustBeOnlyAPicture; BrandingTests.TheSignInScreen_ShowsTheApplicationsLogoWelcomeAndAccent_AndAnOrganisationsOwn",Uploaded SVGs are checked and also sandboxed when served.,review
V5.2.8,"V5 Validation, Sanitization and Encoding",Sanitization and Sandboxing,"Verify that the application sanitizes, disables, or sandboxes user-supplied scriptable or expression template language content, such as Markdown, CSS or XSL stylesheets, BBCode, or similar.",Met,"src/Sangam.Identity.Infrastructure/Customisation/EfCustomisationService.cs:527-529 — the accent colour must be exactly #RRGGBB and is re-validated on read before it goes into a style ; src/Sangam.Identity.Infrastructure/Customisation/EfCustomisationService.cs:550-567 — partner links: https/mailto only ; src/Sangam.Identity.Server/Authentication/LegalDocuments.cs:58-68 — operator legal files rendered as plain paragraphs, not Markdown","There is no user-supplied Markdown, CSS, XSL or BBCode. The only styling input is a strictly validated hex colour.",review
V5.3.1,"V5 Validation, Sanitization and Encoding",Output Encoding and Injection Prevention,"Verify that output encoding is relevant for the interpreter and context required. For example, use encoders specifically for HTML values, HTML attributes, JavaScript, URL parameters, HTTP headers, SMTP, and others as the context requires, especially from untrusted inputs (e.g. names with Unicode or apostrophes, such as ねこ or O'Hara).",Met,"src/Sangam.Web.Shared/Localization/LocalizedMarkup.cs:42-83 — catalogue text and arguments HTML-encoded, attributes encoded ; src/Sangam.Identity.Infrastructure/Customisation/TemplateText.cs:138 — e-mail HTML encoded ; src/Sangam.Identity.Infrastructure/Evidence/EfEvidencePackService.cs:383-385 — CSV cells encoded for spreadsheets ; src/Sangam.Identity.Server/Api/ManagementEndpoints.cs:179-181 — API output serialised by System.Text.Json","Razor and Blazor auto-encode. Grep found no Html.Raw. Encoders match context: HTML, CSV and JSON.",review
V5.3.2,"V5 Validation, Sanitization and Encoding",Output Encoding and Injection Prevention,"Verify that output encoding preserves the user's chosen character set and locale, such that any Unicode character point is valid and safely handled.",Met,src/Sangam.Web.Shared/Localization/LocalizedMarkup.cs:70-83 — WebUtility.HtmlEncode keeps non-ASCII code points ; LanguageTests.TheSignInScreen_RendersInTheChosenLanguage; CatalogueLintTests.HindiAndMalayalam_HaveCatalogues_AndArePickable,"UTF-8 throughout, with Hindi and Malayalam UI and e-mail tested. Encoding does not mangle Unicode.",review
V5.3.3,"V5 Validation, Sanitization and Encoding",Output Encoding and Injection Prevention,"Verify that context-aware, preferably automated - or at worst, manual - output escaping protects against reflected, stored, and DOM based XSS.",Met,"SecurityHeaderTests.NoPage_HasInlineScript_OrAnInlineEventHandler (tests/Sangam.Identity.Server.Tests/SecurityHeaderTests.cs:74) ; src/Sangam.Web.Shared/Hosting/SecurityHeaders.cs:141-153 — CSP script-src 'self', object-src 'none', base-uri 'self' ; src/Sangam.SelfService.Web/Components/Pages/Profile.razor:224 — the only MarkupString is a server-generated QR SVG (src/Sangam.Identity.Infrastructure/Admin/TotpMfaService.cs:170-176), with no user text ; src/Sangam.SelfService.Web/wwwroot/js/portal.js:11-20 — downloads via Blob and an anchor element; no innerHTML anywhere in src JS","Auto-encoding plus CSP protects against reflected, stored and DOM XSS. LocalizedMarkup.Link encodes href but does not check its scheme. Its only data-driven callers pass App.PrivacyUrl, set only by the seeder, or branding links validated as https or mailto.",review
V5.3.4,"V5 Validation, Sanitization and Encoding",Output Encoding and Injection Prevention,"Verify that data selection or database queries (e.g. SQL, HQL, ORM, NoSQL) use parameterized queries, ORMs, entity frameworks, or are otherwise protected from database injection attacks.",Met,"src/Sangam.Identity.Infrastructure/Evidence/EfEvidencePackService.cs:82-87 — SqlQueryRaw with the {0} parameter ; src/Sangam.Identity.Infrastructure/Monitoring/EfMonitoringService.cs:77-92,207-210 — NpgsqlParameter or constant SQL only ; src/Sangam.Identity.Infrastructure/Monitoring/MetricsRecorder.cs:121-160; src/Sangam.Identity.Infrastructure/Audit/AuditArchiver.cs:70,83,127,218; src/Sangam.Identity.Infrastructure/Siem/SiemForwarder.cs:75,88,192; src/Sangam.Identity.Infrastructure/Services/EfAuditWriter.cs:39 — all parameterised","All data access goes through EF Core LINQ. I reviewed every raw SQL call (SqlQueryRaw/ExecuteSqlRaw): each uses parameters or constant text, with no string concatenation of input. There is no FromSqlRaw.",review
V5.3.5,"V5 Validation, Sanitization and Encoding",Output Encoding and Injection Prevention,"Verify that where parameterized or safer mechanisms are not present, context-specific output encoding is used to protect against injection attacks, such as the use of SQL escaping to protect against SQL injection.",Met,"src/Sangam.Identity.Infrastructure/Evidence/EfEvidencePackService.cs:383-385 — CSV formula neutralisation and quoting ; EvidencePackTests.ACsvCell_IsQuoted_AndNeverAFormula; EvidencePackTests.NoCell_RunsAsAFormula_AndNoSecretIsIncluded ; src/Sangam.Identity.Infrastructure/Saml/SamlProtocol.cs:215 — XPath literal built from the ID with quotes stripped, failing closed","Where no parameterised API exists (CSV export, one XPath lookup), context-specific escaping is applied.",review
V5.3.6,"V5 Validation, Sanitization and Encoding",Output Encoding and Injection Prevention,"Verify that the application protects against JSON injection attacks, JSON eval attacks, and JavaScript expression evaluation.",Met,"src/Sangam.Identity.Infrastructure/Provisioning/AppEventDispatcher.cs:105 — webhook bodies built with JsonObject ; src/Sangam.Identity.Server/Api/ManagementEndpoints.cs:177-182 — responses serialised by the framework ; src/Sangam.Identity.Server/Endpoints/ConnectEndpoints.cs:150,166,314 — hand-built audit JSON only interpolates server-side values (acr, level, grant type)","JSON is produced by System.Text.Json. About 18 audit-metadata strings are built by interpolation, and those I checked use only server constants or validated codes (e.g. role code regex, configured terms version). Moving them to JsonObject would remove the residual risk.",review
V5.3.7,"V5 Validation, Sanitization and Encoding",Output Encoding and Injection Prevention,"Verify that the application protects against LDAP injection vulnerabilities, or that specific security controls to prevent LDAP injection have been implemented.",N/A,grep for DirectoryServices/Ldap in src: no matches,Sangam has no LDAP integration.,review
V5.3.8,"V5 Validation, Sanitization and Encoding",Output Encoding and Injection Prevention,Verify that the application protects against OS command injection and that operating system calls use parameterized OS queries or use contextual command line output encoding.,N/A,grep for Process.Start/Process in src: no matches,The application never runs OS commands.,review
V5.3.9,"V5 Validation, Sanitization and Encoding",Output Encoding and Injection Prevention,Verify that the application protects against Local File Inclusion (LFI) or Remote File Inclusion (RFI) attacks.,Met,"src/Sangam.Identity.Server/Authentication/LegalDocuments.cs:58-68 — file path from configuration only ; src/Sangam.Identity.Infrastructure/Monitoring/EfMonitoringService.cs:73,219-226 — status file names are constants ; src/Sangam.Web.Shared/Components/Customisation/BrandingEditor.razor.cs:93-100 — the uploaded file name is never used","No file path or include is derived from request data, so LFI/RFI is not reachable.",review
V5.3.10,"V5 Validation, Sanitization and Encoding",Output Encoding and Injection Prevention,Verify that the application protects against XPath injection or XML injection attacks.,Met,"src/Sangam.Identity.Infrastructure/Saml/SamlProtocol.cs:108-120 — DTD prohibited, no resolver, size cap ; src/Sangam.Identity.Infrastructure/Saml/SamlProtocol.cs:215 — the only XPath with message data strips quotes ; SamlProtocolTests.Load_RefusesDocumentTypeDefinitions; SamlProtocolTests.SignatureWrapping_IsRefused","XML is parsed safely, outgoing SAML is built with the DOM rather than string concatenation, and XPath injection is neutralised.",review
V5.4.1,"V5 Validation, Sanitization and Encoding","Memory, String, and Unmanaged Code","Verify that the application uses memory-safe string, safer memory copy and pointer arithmetic to detect or prevent stack, buffer, or heap overflows.",Met,"Directory.Build.props:11,13 — warnings as errors, latest-recommended analyzers; grep finds no 'unsafe' blocks, AllowUnsafeBlocks or P/Invoke in src ; src/Sangam.Identity.Infrastructure/Audit/AuditArchiveFile.cs:94 — the only stackalloc uses are fixed-size, bounds-checked Span<byte>","Fully managed .NET code with no unsafe code, so buffer overflows are prevented by the runtime.",review
V5.4.2,"V5 Validation, Sanitization and Encoding","Memory, String, and Unmanaged Code","Verify that format strings do not take potentially hostile input, and are constant.",Met,src/Sangam.Web.Shared/Localization/CatalogueStringLocalizer.cs:26-33 — the format string is the catalogue entry; input is only an argument ; src/Sangam.Web.Shared/Localization/TextCatalogue.cs:62 — same for template translations ; CatalogueLintTests.Placeholders_SurviveTranslation_AndEveryKeyHasFixedWords,Format strings are constants from the text catalogue. Logging uses message templates.,review
V5.4.3,"V5 Validation, Sanitization and Encoding","Memory, String, and Unmanaged Code","Verify that sign, range, and input validation techniques are used to prevent integer overflows.",Met,src/Sangam.Identity.Infrastructure/Evidence/EfEvidencePackService.cs:63 — period bounded to MaxDays ; src/Sangam.Identity.Infrastructure/Tenancy/EfManagementService.cs:266 — expiry bounded to 5 years ahead ; src/Sangam.Identity.Server/Program.cs:162 — configured leeway clamped with Math.Max ; src/Sangam.Identity.Infrastructure/Attributes/EfAttributeService.cs:446 — numbers parsed with TryParse,Numeric and date inputs are parsed with TryParse and range-checked. There is no unchecked arithmetic on attacker-sized values.,review
V5.5.1,"V5 Validation, Sanitization and Encoding",Deserialization Prevention,Verify that serialized objects use integrity checks or are encrypted to prevent hostile object creation or data tampering.,Met,"src/Sangam.SelfService.Web/Verification/DigiLockerEndpoints.cs:55,134 — the state cookie is protected with Data Protection (authenticated encryption) ; src/Sangam.Identity.Server/Authentication/Antibot.cs:40,65 — time-limited protected token ; AntibotTests.Check_RefusesATamperedToken","Every serialised object sent to the client (auth and pending-flow cookies, antibot token, DigiLocker state) is protected by ASP.NET Data Protection.",review
V5.5.2,"V5 Validation, Sanitization and Encoding",Deserialization Prevention,Verify that the application correctly restricts XML parsers to only use the most restrictive configuration possible and to ensure that unsafe features such as resolving external entities are disabled to prevent XML eXternal Entity (XXE) attacks.,Met,"src/Sangam.Identity.Infrastructure/Saml/SamlProtocol.cs:116-118 — XmlResolver null, DtdProcessing.Prohibit, MaxCharactersInDocument ; src/Sangam.Identity.Infrastructure/Customisation/LogoCheck.cs:53-60 — same for SVG uploads ; SamlProtocolTests.Load_RefusesDocumentTypeDefinitions","All untrusted XML (SAML messages, SP metadata, SVG) goes through the restricted reader. Other XmlDocument instances only build outgoing messages.",review
V5.5.3,"V5 Validation, Sanitization and Encoding",Deserialization Prevention,"Verify that deserialization of untrusted data is avoided or is protected in both custom code and third-party libraries (such as JSON, XML and YAML parsers).",Met,"Directory.Packages.props — no Newtonsoft.Json, YAML or BinaryFormatter; grep finds no JsonPolymorphic/JsonDerivedType/XmlSerializer in src ; src/Sangam.Identity.Server/Api/ManagementEndpoints.cs:53,113 — bodies bound to concrete records or Dictionary<string,string?>","Only System.Text.Json into fixed concrete types, with no type-name handling. Untrusted binary formats are never deserialised.",review
V5.5.4,"V5 Validation, Sanitization and Encoding",Deserialization Prevention,"Verify that when parsing JSON in browsers or JavaScript-based backends, JSON.parse is used to parse the JSON document. Do not use eval() to parse JSON.",Met,src/Sangam.Identity.Server/wwwroot/js/passkeys.js:37 — response.json(); no eval in any src JS,Browser JSON is parsed with the native parser. There is no JavaScript back end.,review
V6.1.1,V6 Stored Cryptography,Data Classification,"Verify that regulated private data is stored encrypted while at rest, such as Personally Identifiable Information (PII), sensitive personal information, or data assessed likely to be subject to EU's GDPR.",Partly,"src/Sangam.Identity.Domain/Entities/SangamUser.cs:21-34 — name, date of birth, gender (and Identity's email/phone) are ordinary columns, not application-encrypted ; src/Sangam.Identity.Infrastructure/Sms/SmsNumbers.cs:24-35 — phone numbers/IPs keyed-hashed (HMAC-SHA256) where only a lookup is needed ; src/Sangam.Identity.Infrastructure/Verification/EfIdentityVerificationService.cs:116-120 — DigiLocker subject stored only as an HMAC ; src/Sangam.Identity.Infrastructure/KeyRingProtection.cs:22-35,58-61 — data-protection key ring encrypted with a certificate; start refused without it ; deploy/production/README.md:50-56 — backups encrypted with age before leaving the server ; deploy/production/postgres/docker-compose.yml:15 — database on a plain Docker volume; no disk/volume encryption configured in the repo","PII backups, key ring and some identifiers are protected, but the live PostgreSQL data (names, DOB, email, mobile) relies on disk-level encryption that is only planned (docs/planning/sangam-comparisons-and-decisions.md:122) and not confirmed for the E2E VM. Founder must confirm/enable volume encryption on the VM or add column encryption.",review
V6.1.2,V6 Stored Cryptography,Data Classification,"Verify that regulated health data is stored encrypted while at rest, such as medical records, medical device details, or de-anonymized research records.",N/A,"src/Sangam.Identity.Infrastructure/Attributes/EfAttributeService.cs:45-47,111-118 — attributes that look like health data are refused and a not-health-data declaration is required ; docs/attributes-and-claims.md:20-23 — 'No health data' rule","Sangam is an identity provider and refuses health data by design; clinical data lives in the relying applications. The keyword filter is a heuristic, so partners could still mislabel data.",review
V6.1.3,V6 Stored Cryptography,Data Classification,"Verify that regulated financial data is stored encrypted while at rest, such as financial accounts, defaults or credit history, tax records, pay history, beneficiaries, or de-anonymized market or research records.",N/A,src/Sangam.Identity.Domain/Entities/SangamUser.cs:19-75 — the profile holds no financial fields ; docs/attributes-and-claims.md:3-6 — partner-defined attributes (up to 200 chars) could include e.g. 'pay grade',"Sangam itself holds no financial data. Partner-defined attributes are stored unencrypted, so the founder should state in partner terms that financial data must not be put in attributes (or extend the attribute filter).",review
V6.2.1,V6 Stored Cryptography,Algorithms,"Verify that all cryptographic modules fail securely, and errors are handled in a way that does not enable Padding Oracle attacks.",Met,"src/Sangam.Identity.Infrastructure/DependencyInjection.cs:153-154 — ASP.NET Core Data Protection (authenticated encryption) used for stored secrets and cookies ; src/Sangam.Identity.Infrastructure/Audit/AuditArchiveFile.cs:83-86,142-150 — AES-256-GCM (AEAD, no padding) with the header as associated data ; src/Sangam.Identity.Server/Authentication/Antibot.cs:63-76 — decryption failures return one generic 'invalid' result ; src/Sangam.SelfService.Web/Verification/DigiLockerEndpoints.cs:132-139 — Unprotect failures handled silently (null), no distinguishable error","Only authenticated encryption (encrypt-then-MAC Data Protection, AES-GCM) is used and decryption failures are not distinguishable, so padding-oracle conditions do not arise.",review
V6.2.2,V6 Stored Cryptography,Algorithms,"Verify that industry proven or government approved cryptographic algorithms, modes, and libraries are used, instead of custom coded cryptography.",Met,src/Sangam.Identity.Infrastructure/Audit/AuditArchiveFile.cs:79-88 — .NET AesGcm and RSA-OAEP-SHA256 primitives ; src/Sangam.Identity.Infrastructure/Security/Argon2idPasswordHasher.cs:35-67 — Argon2id via Konscious.Security.Cryptography.Argon2 (Directory.Packages.props) ; src/Sangam.Identity.Server/Program.cs:190-210 — OpenIddict handles token signing/encryption with X.509 certificates ; src/Sangam.Identity.Infrastructure/Saml/SamlProtocol.cs:453-468 — SAML signing via System.Security.Cryptography.Xml SignedXml (RSA-SHA256),"All cryptography uses .NET platform primitives or established libraries. The SAML EncryptedAssertion and audit-archive file formats are assembled by hand from those primitives, which deserves review in the penetration test.",review
V6.2.3,V6 Stored Cryptography,Algorithms,"Verify that encryption initialization vector, cipher configuration, and block modes are configured securely using the latest advice.",Met,"src/Sangam.Identity.Infrastructure/Audit/AuditArchiveFile.cs:79-86 — fresh random 256-bit key and 96-bit random nonce per file, 128-bit tag ; src/Sangam.Identity.Infrastructure/Saml/SamlProtocol.cs:473-479 — AES-256-GCM, fresh key and 12-byte nonce per assertion ; src/Sangam.Identity.Infrastructure/DependencyInjection.cs:153 — Data Protection with its default AES-256-CBC + HMAC-SHA256 (no algorithm downgrade configured)","Modes, key sizes and IVs follow current guidance (GCM with random nonces under single-use keys; Data Protection defaults).",review
V6.2.4,V6 Stored Cryptography,Algorithms,"Verify that random number, encryption or hashing algorithms, key lengths, rounds, ciphers or modes, can be reconfigured, upgraded, or swapped at any time, to protect against cryptographic breaks.",Met,"src/Sangam.Identity.Infrastructure/KeyRingProtection.cs:7-11,32-33 — key-ring certificates are a list: new one first, old ones still decrypt (rotation) ; src/Sangam.Identity.Server/Authentication/TokenCertificates.cs:5-10 — signing/encryption certificates listed current-first for rotation ; src/Sangam.Identity.Infrastructure/Security/Argon2idOptions.cs:7-16 — Argon2id cost parameters configurable ; src/Sangam.Identity.Infrastructure/Security/Argon2idPasswordHasher.cs:67 — weaker stored hashes return SuccessRehashNeeded (upgrade on sign-in) ; src/Sangam.Identity.Infrastructure/Audit/AuditArchiveFile.cs:23,31,51-52 — versioned archive format (SGMAUD01, header version 1)","Keys, certificates and hashing cost can be rotated or raised by configuration; changing an algorithm itself (e.g. the SAML key-transport) still needs a code change.",review
V6.2.5,V6 Stored Cryptography,Algorithms,"Verify that known insecure block modes (i.e. ECB, etc.), padding modes (i.e. PKCS#1 v1.5, etc.), ciphers with small block sizes (i.e. Triple-DES, Blowfish, etc.), and weak hashing algorithms (i.e. MD5, SHA1, etc.) are not used unless required for backwards compatibility.",Partly,"src/Sangam.Identity.Infrastructure/Saml/SamlProtocol.cs:483,497,518 — SAML assertion key transport uses RSA-OAEP with SHA-1 (xmlenc rsa-oaep-mgf1p) for SP compatibility ; src/Sangam.Identity.Server/Saml/SamlEndpoints.cs:292 and src/Sangam.Identity.Infrastructure/Saml/SamlProtocol.cs:193 — SAML redirect-binding signatures use RSA PKCS#1 v1.5 with SHA-256 (protocol standard) ; src/Sangam.Identity.Infrastructure/Policies/PwnedPasswordList.cs:37-38 — SHA-1 used only as the lookup key of the Pwned Passwords list (format-mandated, CA5350 suppression documented)","No ECB, 3DES, Blowfish or MD5 found. SHA-1 and PKCS#1 v1.5 appear only for backward compatibility (SAML, Pwned Passwords format); consider offering RSA-OAEP-SHA256 (xmlenc11#rsa-oaep) to SPs that support it.",review
V6.2.6,V6 Stored Cryptography,Algorithms,"Verify that nonces, initialization vectors, and other single use numbers must not be used more than once with a given encryption key. The method of generation must be appropriate for the algorithm being used.",Met,src/Sangam.Identity.Infrastructure/Audit/AuditArchiveFile.cs:79-80 — a new random key and nonce for every archive file ; src/Sangam.Identity.Infrastructure/Saml/SamlProtocol.cs:473-474 — a new random key and nonce for every encrypted assertion,"Each GCM key is used for exactly one encryption, so nonce reuse cannot occur; nonces come from RandomNumberGenerator.",review
V6.3.1,V6 Stored Cryptography,Random Values,"Verify that all random numbers, random file names, random GUIDs, and random strings are generated using the cryptographic module's approved cryptographically secure random number generator when these random values are intended to be not guessable by an attacker.",Met,src/Sangam.Identity.Infrastructure/Accounts/OneTimeCodeService.cs:68 — one-time codes from RandomNumberGenerator.GetInt32 ; src/Sangam.Identity.Infrastructure/Partners/EfInvitationService.cs:85 — invitation tokens from RandomNumberGenerator (256 bits) ; src/Sangam.Identity.Infrastructure/Admin/EfMfaResetService.cs:161 — reset-cancel tokens from RandomNumberGenerator ; src/Sangam.Identity.Infrastructure/Provisioning/WebhookSigner.cs:22 — webhook secrets from RandomNumberGenerator ; src/Sangam.Identity.Infrastructure/Messaging/AnjalClient.cs:122 — Random.Shared used only for retry back-off jitter (not security-relevant),All security-relevant random values use the platform CSPRNG; the single non-crypto Random use is retry jitter.,review
V6.3.2,V6 Stored Cryptography,Random Values,"Verify that random GUIDs are created using the GUID v4 algorithm, and a Cryptographically-secure Pseudo-random Number Generator (CSPRNG). GUIDs created using other pseudo-random number generators may be predictable.",Met,"src/Sangam.Identity.Server/Provisioning/ServiceTokenIssuer.cs:55 — jti from Guid.NewGuid (v4, CSPRNG-backed in .NET) ; src/Sangam.Identity.Infrastructure/Provisioning/AppEventLog.cs:49 — Guid.CreateVersion7 used for time-ordered event ids (not secrets)","Random GUIDs come from Guid.NewGuid (v4, OS CSPRNG). Version-7 GUIDs are used only as ordered identifiers that need not be unguessable; no GUID serves as a bearer secret.",review
V6.4.1,V6 Stored Cryptography,Secret Management,"Verify that a secrets management solution such as a key vault is used to securely create, store, control access to and destroy secrets.",Partly,"deploy/production/docker-compose.yml:94-107,169-183 — secrets and certificates are Docker secret files from ./secrets ; src/Sangam.Identity.Infrastructure/WebHosting.cs:127-146 — secrets read from /run/secrets, never settings files or images ; deploy/production/README.md:88-97 — audit-archive private key generated and kept offline by the founder ; docs/go-live-checklist.md:60-62 — key-ring certificate rotation procedure","Secrets are kept out of code and images, but there is no vault: they are files on the VM with no access auditing or managed destruction. Founder to decide whether file-based secrets with a written creation/rotation/destruction procedure are acceptable, or adopt a vault.",review
V6.4.2,V6 Stored Cryptography,Secret Management,Verify that key material is not exposed to the application but instead uses an isolated security module like a vault for cryptographic operations.,Not met,src/Sangam.Identity.Infrastructure/KeyRingProtection.cs:77 — the key-ring certificate's private key is loaded into the application process ; src/Sangam.Identity.Server/Program.cs:198-207 — token signing/encryption private keys loaded from .pfx files into the process ; src/Sangam.Identity.Infrastructure/Audit/AuditArchiveFile.cs:15-17 — exception: the audit archive needs only the public key on the server,"Not met: signing, encryption and key-ring keys are certificates on the server, loaded into memory. Founder decision: accept for the pilot (recorded in SGM-908) or move to a key vault or HSM.",founder decision
V7.1.1,V7 Error Handling and Logging,Log Content,"Verify that the application does not log credentials or payment details. Session tokens should only be stored in logs in an irreversible, hashed form.",Partly,"src/Sangam.Identity.Infrastructure/Messaging/AnjalClient.cs:150-160 — message content never logged, recipient masked ; src/Sangam.Identity.Infrastructure/Services/LogRedaction.cs:6-18 — e-mail masking helper ; tests: EmailSafetyTests.Outbox_LogsNeitherTheCodeNorTheSubjectNorTheFullAddress ; tests: ProductionLoggingTests.EveryHost_LogsEfCoreCommandsAtWarning_InItsBaseSettings — SQL (with parameters) not logged in Production ; src/Sangam.Identity.Domain/Entities/AuditEvent.cs:32-33 — audit metadata documented as never containing secrets ; src/Sangam.Identity.Server/appsettings.json — Default log level Information, so OpenIddict's own request logging is on","Sangam's own log statements carry no passwords, codes or tokens. Not verified: what OpenIddict logs at Information (it redacts secrets by its own design, but no test here covers it); add a test or raise OpenIddict to Warning.",review
V7.1.2,V7 Error Handling and Logging,Log Content,Verify that the application does not log other sensitive data as defined under local privacy laws or relevant security policy.,Partly,src/Sangam.Identity.Infrastructure/Messaging/AnjalEmailSender.cs:33 and AnjalSmsSender.cs:39 — e-mail and mobile masked before logging ; src/Sangam.Identity.Infrastructure/Accounts/AccountService.cs:339 — failed sign-in with an unknown e-mail is audited without the address ; src/Sangam.Identity.Infrastructure/Audit/AuditArchiveFile.cs:15-21 — archived events have IPs truncated and user agents dropped,Personal data is masked in Sangam's logs. Gaps: no written log-content policy against the DPDP Act (founder) and third-party (OpenIddict/ASP.NET) Information logs are unreviewed.,review
V7.1.3,V7 Error Handling and Logging,Log Content,"Verify that the application logs security relevant events including successful and failed authentication events, access control failures, deserialization failures and input validation failures.",Partly,src/Sangam.Identity.Server/Api/AccessDeniedAudit.cs:59 — access.denied (R7) ; src/Sangam.Identity.Server/Endpoints/TokenRefusalAudit.cs:14 — token.refused (R7),R7 adds access.denied (management API refusals) and token.refused (refused clients and grants). Console rank refusals and general input-validation failures are still not logged as security events.,R7 fix
V7.1.4,V7 Error Handling and Logging,Log Content,Verify that each log event includes necessary information that would allow for a detailed investigation of the timeline when an event happens.,Met,"src/Sangam.Identity.Domain/Entities/AuditEvent.cs:14-42 — actor, actor type, app, action, target, metadata, IP, user agent and UTC time on every event ; src/Sangam.Identity.Infrastructure/Services/ClientAwareAuditWriter.cs:25-33 — IP and user agent filled from the request when not given ; tests: AuditChainTests.ClientAwareWriter_FillsMissingClientDetails_AndKeepsGivenOnes","Audit events carry who, what, where from and when (UTC, microsecond precision). Container console logs use the default formatter, whose timestamps come only from Docker.",review
V7.2.1,V7 Error Handling and Logging,Log Processing,"Verify that all authentication decisions are logged, without storing sensitive session tokens or passwords. This should include requests with relevant metadata needed for security investigations.",Met,src/Sangam.Identity.Server/Endpoints/TokenRefusalAudit.cs:14 — TokenRefusalAudit (R7) ; tests/Sangam.Identity.Server.Tests/Oidc/ManagementApiTests.cs:48 — AWrongClientSecret_IsRefused_AndAudited_WithoutTheSecret,"R7: refusals at the token, introspection and revocation endpoints (invalid_client, invalid_grant, unauthorized_client) are audited as token.refused with the client id, grant type and IP — never the secret or token.",R7 fix
V7.2.2,V7 Error Handling and Logging,Log Processing,Verify that all access control decisions can be logged and all failed decisions are logged. This should include requests with relevant metadata needed for security investigations.,Partly,src/Sangam.Identity.Server/Api/AccessDeniedAudit.cs:59 — AccessDeniedAudit (R7) ; tests/Sangam.Identity.Server.Tests/Oidc/ManagementApiTests.cs — WithoutAScopedToken_TheApiIsClosed asserts the audit row,"R7: management API refusals (authorization failures and unregistered or disabled callers) are audited as access.denied, with method, path and client. Console rank checks and partner cross-tenant refusals return a refusal but are not yet audited.",R7 fix
V7.3.1,V7 Error Handling and Logging,Log Protection,Verify that all logging components appropriately encode data to prevent log injection.,Partly,"src/Sangam.Identity.Infrastructure/Siem/SiemFormat.cs:351-359 — CEF header/extension values escaped, CR/LF encoded ; tests: SiemTests.ACefRecord_IsSyslog_FacilityLogAudit_WithItsSpecialCharactersEscaped ; src/Sangam.Identity.Domain/Entities/AuditEvent.cs:24-42 — audit log is structured columns + JSON metadata (no free-text concatenation) ; src/Sangam.Identity.Infrastructure/StartupGuard.cs:59 — only console logger configured is the default formatter (no CR/LF encoding)","The security log (database) and SIEM stream are structured and escaped. The container console logs use the default .NET formatter, which does not encode line breaks in parameters; the values logged are mostly server-derived, but exception messages are not neutralised.",review
V7.3.3,V7 Error Handling and Logging,Log Protection,Verify that security logs are protected from unauthorized access and modification.,Met,"src/Sangam.Identity.Infrastructure/Persistence/Migrations/20261006111734_AuditProtection.cs:46-50 — triggers refuse UPDATE, DELETE and TRUNCATE on audit_events ; tests: SchemaTests.AuditEvents_RefuseUpdateDeleteAndTruncate_WithAnError ; src/Sangam.Identity.Infrastructure/Services/AuditChain.cs:11-46 — SHA-256 hash chain makes tampering evident ; tests: AuditChainTests.Verifier_FindsTheFirstTamperedEvent ; src/Sangam.Identity.Infrastructure/Audit/AuditArchiveFile.cs:15-21 — archived events encrypted for an offline key, header authenticated ; docs/go-live-checklist.md:30-32 — application DB role must not own audit_events","Audit records are append-only, hash-chained and archived encrypted. Role separation (application role not owning audit_events) is a go-live step still to be done by the founder.",review
V7.3.4,V7 Error Handling and Logging,Log Protection,Verify that time sources are synchronized to the correct time and time zone. Strongly consider logging only in UTC if systems are global to assist with post-incident forensic analysis.,Partly,src/Sangam.Identity.Infrastructure/Services/SystemClock.cs:9 — application clock is UTC ; src/Sangam.Identity.Infrastructure/Services/EfAuditWriter.cs:52 — audit time stored in UTC ; src/Sangam.Identity.Infrastructure/Services/AuditChain.cs:35 — canonical UTC 'Z' timestamps in the chain,Everything is logged in UTC. Host time synchronisation (NTP/chrony on the E2E VM) is not documented in deploy/ or the go-live checklist — founder/ops to confirm.,review
V7.4.1,V7 Error Handling and Logging,Error Handling,"Verify that a generic message is shown when an unexpected or security sensitive error occurs, potentially with a unique ID which support personnel can use to investigate.",Met,"src/Sangam.Identity.Server/Pages/Error.cshtml:9-10 — generic message plus a reference id ; src/Sangam.Identity.Server/Pages/Error.cshtml.cs:7-18 — trace id shown, never the exception ; src/Sangam.Web.Shared/Hosting/ErrorPage.cs:23-32 — portal/console hosts write a fixed generic page","Errors show a generic message; the identity server adds a support reference. The Blazor hosts' page has no reference id, which would help support.",review
V7.4.2,V7 Error Handling and Logging,Error Handling,Verify that exception handling (or a functional equivalent) is used across the codebase to account for expected and unexpected error conditions.,Met,"src/Sangam.Identity.Infrastructure/Maintenance/AccountPurgeService.cs:80 — background sweep catches and logs failures ; src/Sangam.Identity.Infrastructure/Provisioning/WebhookSender.cs:130 and ScimClient.cs:151 — expected network failures handled ; src/Sangam.Identity.Server/Saml/SamlEndpoints.cs:104,244 — malformed SAML input handled ; src/Sangam.SelfService.Web/Verification/DigiLockerEndpoints.cs:136 — tampered cookie handled","Expected failures are handled with typed catch filters across background workers, outbound calls and protocol parsing.",review
V7.4.3,V7 Error Handling and Logging,Error Handling,"Verify that a ""last resort"" error handler is defined which will catch all unhandled exceptions.",Met,"src/Sangam.Identity.Server/Program.cs:263-266 — UseExceptionHandler(""/Error"") outside Development ; src/Sangam.Web.Shared/Hosting/ErrorPage.cs:20-33 — UseSangamErrorPage last-resort handler, used by src/Sangam.Admin.Web/Program.cs:105 (also Partner.Web:97, SelfService.Web:107) ; src/Sangam.Identity.Infrastructure/StartupGuard.cs:24-66 — unhandled exceptions before start logged at Critical, exit code 1","Every host has a catch-all HTTP exception handler and a start-up guard; after start, unhandled background-service exceptions fall to the .NET host default (log and stop).",review
V8.1.1,V8 Data Protection,General Data Protection,Verify the application protects sensitive data from being cached in server components such as load balancers and application caches.,Met,src/Sangam.Web.Shared/Hosting/SecurityHeaders.cs:87 — no-store (R7) ; tests/Sangam.Identity.Server.Tests/SecurityHeaderTests.cs — Pages_AreNeverCached,"R7: every HTML page and JSON answer is sent with Cache-Control: no-store unless the endpoint set its own caching, so no proxy or CDN may keep personal data.",R7 fix
V8.1.2,V8 Data Protection,General Data Protection,Verify that all cached or temporary copies of sensitive data stored on the server are protected from unauthorized access or purged/invalidated after the authorized user accesses the sensitive data.,Partly,"src/Sangam.Identity.Infrastructure/Portal/EfPortalService.cs:242-312 — data export built in memory and returned, never written to disk ; src/Sangam.Identity.Infrastructure/Audit/AuditArchiveFile.cs:91-108 — archive written to a .partial file then renamed ; src/Sangam.Identity.Infrastructure/Maintenance/AccountPurgeService.cs:15-22 — purge destroys personal data after the grace period","No server cache or temp copy of personal data was found, but there has been no formal review (e.g. container logs kept 180 days hold masked identifiers; Blazor circuits hold export JSON in memory).",review
V8.1.3,V8 Data Protection,General Data Protection,"Verify the application minimizes the number of parameters in a request, such as hidden fields, Ajax variables, cookies and header values.",Partly,"src/Sangam.Identity.Server/Authentication/SangamAuthentication.cs:99-125 — two cookies (session, short-lived pending flow), both HttpOnly ; src/Sangam.SelfService.Web/Verification/DigiLockerEndpoints.cs:55 — DigiLocker state held in a protected cookie ; src/Sangam.Identity.Server/Authentication/Antibot.cs:16-20 — two extra hidden form fields (honeypot, signed timestamp)","Request parameters look lean, but no systematic review of parameters, hidden fields and headers was done for this assessment.",review
V8.1.4,V8 Data Protection,General Data Protection,"Verify the application can detect and alert on abnormal numbers of requests, such as by IP, user, total per hour or day, or whatever makes sense for the application.",Met,"src/Sangam.Identity.Infrastructure/Monitoring/AlertRules.cs:47-49 — alerts on sign-in failures, lockouts and rate-limit refusals per hour ; src/Sangam.Identity.Infrastructure/Monitoring/MonitoringOptions.cs:66-72 — configurable hourly thresholds ; src/Sangam.Identity.Infrastructure/Sms/EfSmsCodeService.cs:252 — daily SMS volume alert (SMS pumping) ; src/Sangam.Identity.Server/Authentication/AuthRateLimiting.cs:34-79 — per-IP limits on posts, token, userinfo, API ; tests: MonitoringTests.AnAlert_IsSentOnce_ThenResolved_WhenTheConditionClears; RateLimitTests.TheThirdRequestInAMinute_IsRefused_WhenTheLimitIsTwo","Abnormal request volumes are counted and alerted to the founder by e-mail/SMS. Detection is platform-wide per hour, not per user or per IP.",review
V8.2.1,V8 Data Protection,Client-side Data Protection,Verify the application sets sufficient anti-caching headers so that sensitive data is not cached in modern browsers.,Met,src/Sangam.Web.Shared/Hosting/SecurityHeaders.cs:87 — no-store (R7),R7: no-store on every page and JSON answer on all four hosts (see V8.1.1).,R7 fix
V8.2.2,V8 Data Protection,Client-side Data Protection,"Verify that data stored in browser storage (such as localStorage, sessionStorage, IndexedDB, or cookies) does not contain sensitive data.",Met,src/Sangam.SelfService.Web/wwwroot/js/portal.js:3-7 — the only portal script; no localStorage/sessionStorage/IndexedDB use found in any wwwroot script ; src/Sangam.Identity.Server/Authentication/SangamAuthentication.cs:99-125 — session and pending cookies are HttpOnly and encrypted by Data Protection ; src/Sangam.SelfService.Web/Verification/DigiLockerEndpoints.cs:55 — the DigiLocker PKCE verifier cookie is encrypted,Browser storage is not used; cookies carry only encrypted tickets.,review
V8.2.3,V8 Data Protection,Client-side Data Protection,"Verify that authenticated data is cleared from client storage, such as the browser DOM, after the client or session is terminated.",Met,src/Sangam.Web.Shared/Hosting/SecurityHeaders.cs:31 — ClearSiteData (R7) ; src/Sangam.Identity.Server/Pages/Account/Logout.cshtml.cs:105 — on sign-out (R7) ; tests/Sangam.Identity.Server.Tests/AuthScreenTests.cs:234 — asserts the header,"R7: sign-out on the identity server, the portal and both consoles sends Clear-Site-Data (""cache"", ""storage""), and pages are no-store, so the back button does not show a signed-in page.",R7 fix
V8.3.1,V8 Data Protection,Sensitive Private Data,"Verify that sensitive data is sent to the server in the HTTP message body or headers, and that query string parameters from any HTTP verb do not contain sensitive data.",Partly,"src/Sangam.Identity.Server/Pages/Account/Login.cshtml.cs:42-48 — credentials posted in the form body ; src/Sangam.Identity.Server/Pages/Account/Invite.cshtml:1 — invitation token in the URL path (single-use, hashed at rest: EfInvitationService.cs:96) ; src/Sangam.Identity.Server/Program.cs:147-154 — authorization-code flow with PKCE (code returned in the query string by protocol)","Passwords, codes and profile data go in POST bodies. Protocol artifacts still travel in URLs (authorization codes, login_hint e-mail, invitation tokens in e-mailed links); these are short-lived or single-use but will appear in access logs.",review
V8.3.2,V8 Data Protection,Sensitive Private Data,Verify that users have a method to remove or export their data on demand.,Met,"src/Sangam.SelfService.Web/Components/Pages/Profile.razor:458-474 — download my data and delete my account ; src/Sangam.Identity.Infrastructure/Portal/EfPortalService.cs:242-312,323 — export and deletion request ; tests: PortalServiceTests.Export_ContainsTheUsersDataAndNoPasswordHash; PortalServiceTests.Deletion_StartsAGrace_BlocksSignIn_RevokesApps_AndCanBeCancelled; PortalServiceTests.Purge_DestroysPersonalDataAfterTheGrace_SkipsHolds_AndKeepsTheAuditTrail","People can export their data and delete their account themselves in the portal (30-day grace, then purge).",review
V8.3.3,V8 Data Protection,Sensitive Private Data,Verify that users are provided clear language regarding collection and use of supplied personal information and that users have provided opt-in consent for the use of that data before it is used in any way.,Partly,"src/Sangam.Identity.Server/Pages/Account/Register.cshtml.cs:107-112,170-172 — terms must be accepted at registration; version recorded ; src/Sangam.Identity.Server/Endpoints/ConnectEndpoints.cs:177 — per-application consent can be declined ; src/Sangam.Identity.Server/Authentication/LegalDocuments.cs:5-6 — privacy/terms texts are 'pending' until counsel's review ; docs/go-live-checklist.md:52-53 — terms and privacy notice to be reviewed by counsel (OI-002)","Opt-in mechanisms exist (terms acceptance, per-app consent with the claims listed). The privacy notice itself is not yet written/approved — founder (counsel) action.",review
V8.3.4,V8 Data Protection,Sensitive Private Data,"Verify that all sensitive data created and processed by the application has been identified, and ensure that a policy is in place on how to deal with sensitive data.",Founder,"docs/planning/sangam-what-it-holds.html — planning overview of what Sangam holds, not a data-handling policy ; docs/attributes-and-claims.md:20-23 — health-data exclusion rule","Needs a written data inventory and classification with a handling policy for each class (identity, contact, DOB, verification hashes, IPs, audit), aligned with the DPDP Act.",review
V8.3.5,V8 Data Protection,Sensitive Private Data,"Verify accessing sensitive data is audited (without logging the sensitive data itself), if the data is collected under relevant data protection directives or where logging of access is required.",Partly,src/Sangam.Identity.Infrastructure/Admin/EfAdminService.cs:124 — an operator opening a user record is audited (admin.user.read) ; src/Sangam.Identity.Infrastructure/Portal/EfPortalService.cs:311 — data export audited ; src/Sangam.Identity.Server/Endpoints/ConnectEndpoints.cs:234 — release of data to applications audited (token.issue) ; src/Sangam.Identity.Domain/AuditActions.cs:334 — evidence export audited,"Operator reads, exports and token releases are audited. I could not confirm auditing of partner-console and management-API reads of people's data (e.g. member lists).",review
V8.3.6,V8 Data Protection,Sensitive Private Data,"Verify that sensitive information contained in memory is overwritten as soon as it is no longer required to mitigate memory dumping attacks, using zeroes or random data.",Partly,"src/Sangam.Identity.Infrastructure/Audit/AuditArchiveFile.cs:89,149 — symmetric keys zeroed after use ; src/Sangam.Identity.Infrastructure/Saml/SamlProtocol.cs:484 — SAML content key zeroed","Key material is zeroed where byte arrays are used; passwords, codes and personal data are managed .NET strings that cannot be wiped deterministically. This is a common accepted limitation of .NET.",review
V8.3.7,V8 Data Protection,Sensitive Private Data,"Verify that sensitive or private information that is required to be encrypted, is encrypted using approved algorithms that provide both confidentiality and integrity.",Met,"src/Sangam.Identity.Infrastructure/DependencyInjection.cs:153-154 — Data Protection (AES-256-CBC + HMAC-SHA256) for webhook secrets and SCIM tokens (WebhookSender.cs:60, ScimProvisioner.cs:160) ; src/Sangam.Identity.Infrastructure/Audit/AuditArchiveFile.cs:83-88 — AES-256-GCM + RSA-OAEP-SHA256 for archived audit events ; src/Sangam.Identity.Infrastructure/Saml/SamlProtocol.cs:473-479 — AES-256-GCM for SAML assertions",Everything Sangam chooses to encrypt uses authenticated encryption (confidentiality and integrity).,review
V8.3.8,V8 Data Protection,Sensitive Private Data,"Verify that sensitive personal information is subject to data retention classification, such that old or out of date data is deleted automatically, on a schedule, or as the situation requires.",Partly,src/Sangam.Identity.Infrastructure/Maintenance/AccountPurgeService.cs:15-22 — hourly purge after 30-day deletion grace; revoked sessions pruned after 90 days ; deploy/production/README.md:88-96 — audit events archived after a year and archive files deleted at seven years ; deploy/production/backup/lifecycle.json — backup retention rules (14 days / 8 weeks / 12 months; logs 180 days) ; src/Sangam.Identity.Infrastructure/Monitoring/MonitoringOptions.cs:30 — monitoring data retention 90 days,"Several automatic retention schedules exist. Missing: a retention classification for all personal data (e.g. dormant accounts, one-time codes, SMS records, identity verifications) — founder to set periods.",review
V9.1.1,V9 Communication,Client Communication Security,"Verify that TLS is used for all client connectivity, and does not fall back to insecure or unencrypted communications.",Met,"deploy/production/Caddyfile:1-40 — every public host served by Caddy with automatic HTTPS (HTTP redirect not disabled, unlike the dev Caddyfile) ; deploy/production/Caddyfile:9 — HSTS max-age=31536000; includeSubDomains ; src/Sangam.Identity.Server/Program.cs:263-269 — HSTS and HTTPS redirection in the app outside Development ; src/Sangam.Identity.Server/Program.cs:219-223 — OpenIddict's HTTPS requirement relaxed only for Development/Testing",All client traffic is TLS via Caddy with HTTP redirected and HSTS set. HSTS preload is not configured.,review
V9.1.2,V9 Communication,Client Communication Security,"Verify using up to date TLS testing tools that only strong cipher suites are enabled, with the strongest cipher suites set as preferred.",Partly,"deploy/production/Caddyfile:2-4 — no tls/ciphers override, so Caddy 2 defaults apply (AEAD ECDHE suites only) ; deploy/production/docker-compose.yml:160 — caddy:2 image (floating tag)","Caddy's defaults are strong, but no TLS scan (testssl.sh / SSL Labs) of the production hosts exists yet. Run one after go-live and keep the result as evidence.",review
V9.1.3,V9 Communication,Client Communication Security,"Verify that only the latest recommended versions of the TLS protocol are enabled, such as TLS 1.2 and TLS 1.3. The latest version of the TLS protocol should be the preferred option.",Partly,"deploy/production/Caddyfile:2-4 — no protocols override; Caddy 2 default is TLS 1.2–1.3, preferring 1.3 ; src/Sangam.Identity.Infrastructure/Siem/SiemForwarder.cs:239 — outbound SIEM limited to TLS 1.2/1.3",Configuration relies on Caddy defaults (TLS 1.2 and 1.3 only); not yet confirmed by a scan of the live hosts.,review
V9.2.1,V9 Communication,Server Communication Security,"Verify that connections to and from the server use trusted TLS certificates. Where internally generated or self-signed certificates are used, the server must be configured to only trust specific internal CAs and specific self-signed certificates. All others should be rejected.",Met,"deploy/production/Caddyfile:1-4 — publicly trusted ACME certificates obtained by Caddy ; src/Sangam.Identity.Infrastructure/Siem/SiemForwarder.cs:274-292 — SIEM: public trust, or only the configured private CA ; tests: SiemTests.AReceiverWhoseCertificateTheAuthorityDidNotSign_IsNotSentAnything ; src/Sangam.Identity.Infrastructure/Provisioning/OutboundHttp.cs:66-80 — outbound handler keeps default certificate validation (no bypass callback anywhere in src)",Inbound uses publicly trusted certificates; outbound calls validate certificates normally and the SIEM can be pinned to a private CA.,review
V9.2.2,V9 Communication,Server Communication Security,"Verify that encrypted communications such as TLS is used for all inbound and outbound connections, including for management ports, monitoring, authentication, API, or web service calls, database, cloud, serverless, mainframe, external, and partner connections. The server must not fall back to insecure or unencrypted protocols.",Partly,deploy/production/Caddyfile:15 — Caddy proxies to the hosts over plain HTTP :8080 on the Docker network ; deploy/production/postgres/docker-compose.yml:5-18 — PostgreSQL with no TLS configured; connection string (secret) not shown to require SSL ; src/Sangam.Identity.Infrastructure/Services/EmailSenderGuard.cs:54 — Anjal may be plain http on the server's own network ; src/Sangam.Identity.Infrastructure/Siem/SiemOptions.cs:94-99 — SIEM plain TCP refused outside Development ; src/Sangam.Identity.Infrastructure/Provisioning/OutboundHttp.cs:46-49 — SCIM/webhook/back-channel addresses must be https ; src/Sangam.Identity.Infrastructure/Verification/DigiLockerGuard.cs:34-36 — DigiLocker endpoints must be https,"External outbound calls require TLS. Internal hops on the single VM (Caddy→app, app→PostgreSQL, possibly app→Anjal) are unencrypted; acceptable only if the founder accepts the single-host risk, otherwise enable PostgreSQL SSL and require sslmode.",review
V9.2.3,V9 Communication,Server Communication Security,Verify that all encrypted connections to external systems that involve sensitive information or functions are authenticated.,Met,src/Sangam.Identity.Infrastructure/Messaging/AnjalOptions.cs:26 — Anjal API key sent as Bearer (key length enforced: EmailSenderGuard.cs:59) ; src/Sangam.Identity.Infrastructure/Provisioning/WebhookSigner.cs:22 — webhooks signed with per-endpoint secrets ; src/Sangam.Identity.Infrastructure/Siem/SiemOptions.cs:39-43 — optional mutual TLS to the SIEM ; src/Sangam.Identity.Server/Program.cs:68-69 — back-channel logout through the guarded outbound handler,"Connections to external systems carrying sensitive data are authenticated (API keys, bearer/Sangam-signed tokens, signatures, optional mTLS) on top of server-certificate validation.",review
V9.2.4,V9 Communication,Server Communication Security,"Verify that proper certification revocation, such as Online Certificate Status Protocol (OCSP) Stapling, is enabled and configured.",Partly,"src/Sangam.Identity.Infrastructure/Siem/SiemForwarder.cs:241,290 — SIEM connection sets revocation checking to NoCheck ; deploy/production/Caddyfile:1-4 — Caddy defaults (OCSP stapling when the CA offers OCSP)",Inbound stapling depends on Caddy defaults and on the CA still offering OCSP. Outbound revocation checking is off for the SIEM and left at .NET defaults (no check) for HttpClient calls; consider enabling online revocation checks.,review
V10.2.1,V10 Malicious Code,Malicious Code Search,"Verify that the application source code and third party libraries do not contain unauthorized phone home or data collection capabilities. Where such functionality exists, obtain the user's permission for it to operate before collecting any data.",Met,"Directory.Packages.props — no telemetry/analytics packages (only ASP.NET Core, EF Core, Npgsql, OpenIddict, QRCoder, Argon2, LiPicons) ; deploy/production/docker-compose.yml:39-40 — monitoring is self-hosted, 'no third party' ; /tmp/claude-0/r7ev/security/dotnet-vulnerable.txt — dependency scan of all projects","No phone-home or data-collection code found; the only outbound calls are to services the operator configures (Anjal, DigiLocker, partners' SCIM/webhooks, SIEM).",review
V10.2.2,V10 Malicious Code,Malicious Code Search,"Verify that the application does not ask for unnecessary or excessive permissions to privacy related features or sensors, such as contacts, cameras, microphones, or location.",Met,"src/Sangam.Web.Shared/Hosting/SecurityHeaders.cs:50 — Permissions-Policy denies camera, microphone, geolocation, payment, USB, serial, Bluetooth ; tests: SecurityHeaderTests.EveryAnswer_CarriesTheSecurityHeaders","The pages ask for no device permissions; only WebAuthn (passkeys) is used, at the person's request.",review
V10.3.1,V10 Malicious Code,Application Integrity,"Verify that if the application has a client or server auto-update feature, updates should be obtained over secure channels and digitally signed. The update code must validate the digital signature of the update before installing or executing the update.",N/A,Dockerfile:22-50 — images are rebuilt and redeployed manually by the operator; no self-update code,Sangam has no client or server auto-update feature; updates are deliberate image rebuilds.,review
V10.3.2,V10 Malicious Code,Application Integrity,"Verify that the application employs integrity protections, such as code signing or subresource integrity. The application must not load or execute code from untrusted sources, such as loading includes, modules, plugins, code, or libraries from untrusted sources or the Internet.",Partly,"src/Sangam.Web.Shared/Hosting/SecurityHeaders.cs:141-153 — CSP script-src 'self' (plus one hashed inline script): no third-party script loading ; nuget.config:5-17 — package source mapping; LiPicons only from the local feed ; Dockerfile:7,22 — base images by tag, not digest ; .github/workflows/ci.yml:155-206 — security job (dependency + Trivy image scans)","No code is loaded from the Internet at run time. Missing: NuGet lock files (packages.lock.json) or signature verification, digest-pinned base images and Caddy image, and signed release images.",review
V10.3.3,V10 Malicious Code,Application Integrity,"Verify that the application has protection from subdomain takeovers if the application relies upon DNS entries or DNS subdomains, such as expired domain names, out of date DNS pointers or CNAMEs, expired projects at public source code repos, or transient cloud APIs, serverless functions, or storage buckets (*autogen-bucket-id*.cloud.example.com) or similar. Protections can include ensuring that DNS names used by applications are regularly checked for expiry or change.",Founder,"deploy/production/README.md:9 — DNS for id, account, admin, partners and demo point at the VM ; src/Sangam.Identity.Infrastructure/Monitoring/TlsProbe.cs:9 — hourly certificate check of each public site (alerts on expiry/unreachable)","Needs an operational procedure: domain auto-renew and registrar lock for sangamid.in, a periodic review of DNS records (remove the demo record when retired), and no dangling CNAMEs.",review
V11.1.1,V11 Business Logic,Business Logic Security,Verify that the application will only process business logic flows for the same user in sequential step order and without skipping steps.,Met,"src/Sangam.Identity.Server/Authentication/SangamAuthentication.cs:67-86,315-333 — each step needs a pending cookie with the matching purpose (15-minute life) ; src/Sangam.Identity.Server/Pages/Account/LoginMfa.cshtml.cs:50-53 — the authenticator step redirects to /login without a first-factor pending flow ; src/Sangam.Identity.Server/Authorization/SignInGate.cs:12-17 — device and SAML flows re-check sign-in, policy, MFA and step-up before issuing","Multi-step flows are bound to a short-lived, purpose-specific encrypted cookie, so steps cannot be skipped.",review
V11.1.2,V11 Business Logic,Business Logic Security,"Verify that the application will only process business logic flows with all steps being processed in realistic human time, i.e. transactions are not submitted too quickly.",Met,src/Sangam.Identity.Server/Authentication/Antibot.cs:9-77 — signed form timestamp refuses posts faster than a person could (default 2 s) plus honeypot ; tests: AntibotTests.Forgot_PostedFasterThanAPersonCould_IsRefused,"Sign-in, code sign-in, registration and password reset forms refuse inhumanly fast submissions. The portal and consoles have no such check.",review
V11.1.3,V11 Business Logic,Business Logic Security,Verify the application has appropriate limits for specific business actions or transactions which are correctly enforced on a per user basis.,Met,"src/Sangam.Identity.Infrastructure/Accounts/OneTimeCodeService.cs:52-59,111 — per-user, per-purpose cooldown, hourly limit and attempt cap ; src/Sangam.Identity.Infrastructure/Sms/EfSmsCodeService.cs:175 — per-number and per-IP hourly SMS limits ; src/Sangam.Identity.Infrastructure/Admin/EfMfaResetService.cs:61-62 — 24h minimum cooling-off for MFA resets ; docs/attributes-and-claims.md:17-18 — 20 attributes and 10 claims per application",Key business actions have enforced per-user (or per-number) limits.,review
V11.1.4,V11 Business Logic,Business Logic Security,"Verify that the application has anti-automation controls to protect against excessive calls such as mass data exfiltration, business logic requests, file uploads or denial of service attacks.",Partly,src/Sangam.Partner.Web/EvidenceLimit.cs:10 — evidence pack limit (R7) ; tests/Sangam.Partner.Web.Tests/EvidenceDownloadTests.cs:75 — OneAdministrator_CanBuildOnlyAFewPacksAtATime,"The identity server is rate-limited per IP; R7 limits evidence packs to six per administrator per ten minutes. The portal and consoles otherwise rely on sign-in and the identity server’s limits, and limits are in memory per node.",R7 fix
V11.1.5,V11 Business Logic,Business Logic Security,"Verify the application has business logic limits or validation to protect against likely business risks or threats, identified using threat modeling or similar methodologies.",Partly,src/Sangam.Identity.Infrastructure/Attributes/EfAttributeService.cs:111-118 — health data refused ; src/Sangam.Identity.Infrastructure/Admin/EfMfaResetService.cs:20-25 — MFA reset cooling-off with owner alert ; src/Sangam.Identity.Infrastructure/Sms/EfSmsCodeService.cs:252 — SMS pumping alert,"Many business-risk controls exist, but no written threat model was found in docs/ to show they were derived systematically — founder to commission one (or the pen test).",review
V11.1.6,V11 Business Logic,Business Logic Security,"Verify that the application does not suffer from ""Time Of Check to Time Of Use"" (TOCTOU) issues or other race conditions for sensitive operations.",Met,src/Sangam.Identity.Infrastructure/Accounts/OneTimeCodeService.cs:65 — ExecuteUpdateAsync (R7) ; tests/Sangam.Identity.Infrastructure.Tests/Accounts/OneTimeCodeServiceTests.cs:70 — ParallelWrongGuesses_UseUpExactlyTheAttempts_AndTheRightCodeIsThenRefused (failed on the old code),R7: one-time codes are counted and consumed with atomic conditional updates; parallel wrong guesses use up exactly the allowed attempts and a code cannot be consumed twice. Authenticator codes likewise (V2.8.4).,R7 fix
V11.1.7,V11 Business Logic,Business Logic Security,"Verify that the application monitors for unusual events or activity from a business logic perspective. For example, attempts to perform actions out of order or actions which a normal user would never attempt.",Partly,"src/Sangam.Identity.Infrastructure/Monitoring/AlertRules.cs:47-49 — sign-in failure, lockout and rate-limit spikes ; src/Sangam.Identity.Server/Program.cs:162 — refresh-token reuse revokes the whole sign-in (theft signal) ; src/Sangam.Identity.Domain/AuditActions.cs:166 — urgent MFA-reset override is a distinct, alerted event","Volume-based anomalies are monitored, but out-of-order or 'never normal' actions (e.g. forbidden API calls, repeated cross-tenant attempts, refresh-token reuse) are not counted or alerted on.",review
V11.1.8,V11 Business Logic,Business Logic Security,Verify that the application has configurable alerting when automated attacks or unusual activity is detected.,Met,src/Sangam.Identity.Infrastructure/Monitoring/MonitoringOptions.cs:66-114 — thresholds configurable (Sangam__Monitoring__Alerts__*) ; deploy/production/docker-compose.yml:56-61 — alert recipients configurable (e-mail and SMS) ; tests: MonitoringTests.TheRules_CoverEveryThreshold,Alerting on automated-attack indicators is configurable and delivered to the founder by e-mail and SMS through Anjal.,review
V12.1.1,V12 Files and Resources,File Upload,Verify that the application will not accept large files that could fill up storage or cause a denial of service.,Met,src/Sangam.Identity.Infrastructure/Customisation/EfCustomisationService.cs:27 — MaxLogoBytes = 200 KB ; src/Sangam.Web.Shared/Components/Customisation/BrandingEditor.razor.cs:95 — OpenReadStream(maxAllowedSize: 200 KB) ; src/Sangam.Identity.Infrastructure/Customisation/LogoCheck.cs:33-36 — size re-checked server-side ; LogoCheckTests.APng_IsAccepted_AndTooLargeIsNot,"The only upload is a logo, capped at 200 KB. Other bodies fall under Kestrel's default request limit.",review
V12.1.2,V12 Files and Resources,File Upload,"Verify that the application checks compressed files (e.g. zip, gz, docx, odt) against maximum allowed uncompressed size and against maximum number of files before uncompressing the file.",Met,src/Sangam.Identity.Infrastructure/Saml/SamlProtocol.cs:71-87 — HTTP-Redirect DEFLATE inflated with a 64 KB cap ; SamlProtocolTests.RedirectBinding_RoundTrips_AndRefusesOversizedMessages,"The only compressed input is a SAML redirect message, which is capped while it is inflated. No archive uploads are accepted. The evidence zip is produced, never consumed.",review
V12.1.3,V12 Files and Resources,File Upload,"Verify that a file size quota and maximum number of files per user is enforced to ensure that a single user cannot fill up the storage with too many files, or excessively large files.",Met,"src/Sangam.Identity.Infrastructure/Customisation/EfCustomisationService.cs:246-253 — a new logo replaces the scope's previous one, which is deleted ; src/Sangam.Identity.Infrastructure/Customisation/EfCustomisationService.cs:149-152 — only authorised editors may upload","Each branding scope (platform, app, organisation) holds one logo, so storage per scope is bounded at 200 KB.",review
V12.2.1,V12 Files and Resources,File Integrity,Verify that files obtained from untrusted sources are validated to be of expected type based on the file's content.,Met,"src/Sangam.Identity.Infrastructure/Customisation/LogoCheck.cs:17-18,38-48 — PNG magic bytes, otherwise an SVG parse whose root must be <svg> ; src/Sangam.Identity.Infrastructure/Customisation/EfCustomisationService.cs:233 — stored content type derived from the bytes, not the browser's claim ; LogoCheckTests.AnSvg_MustBeOnlyAPicture",File type is decided from content. The PNG check reads only the signature and does not fully decode the image.,review
V12.3.1,V12 Files and Resources,File Execution,Verify that user-submitted filename metadata is not used directly by system or framework filesystems and that a URL API is used to protect against path traversal.,Met,src/Sangam.Web.Shared/Components/Customisation/BrandingEditor.razor.cs:93-100 — IBrowserFile.Name is never read; bytes are stored in the database,User-submitted file names never reach a filesystem API.,review
V12.3.2,V12 Files and Resources,File Execution,"Verify that user-submitted filename metadata is validated or ignored to prevent the disclosure, creation, updating or removal of local files (LFI).",Met,src/Sangam.Web.Shared/Components/Customisation/BrandingEditor.razor.cs:93-100 — file name ignored ; src/Sangam.Identity.Server/Endpoints/BrandingEndpoints.cs:18-20 — logos fetched by GUID from the database,"File names are ignored, so they cannot cause local file disclosure or modification.",review
V12.3.3,V12 Files and Resources,File Execution,Verify that user-submitted filename metadata is validated or ignored to prevent the disclosure or execution of remote files via Remote File Inclusion (RFI) or Server-side Request Forgery (SSRF) attacks.,Met,src/Sangam.Web.Shared/Components/Customisation/BrandingEditor.razor.cs:93-100 — file name ignored ; src/Sangam.Identity.Infrastructure/Customisation/LogoCheck.cs:98-101 — SVG href/src to anything other than an internal #fragment refused,Neither file metadata nor SVG content can make the server or the page load a remote file.,review
V12.3.4,V12 Files and Resources,File Execution,"Verify that the application protects against Reflective File Download (RFD) by validating or ignoring user-submitted filenames in a JSON, JSONP, or URL parameter, the response Content-Type header should be set to text/plain, and the Content-Disposition header should have a fixed filename.",Met,src/Sangam.Identity.Infrastructure/Evidence/EfEvidencePackService.cs:336 — evidence zip name built from app slug and dates ; src/Sangam.Partner.Web/Program.cs:157 — Results.File with application/zip and that name ; src/Sangam.SelfService.Web/Components/Pages/Profile.razor:463 — data-export name fixed by the server,"Download names are server-generated, and there is no JSONP. The API returns application/json, so reflected file download is not possible.",review
V12.3.5,V12 Files and Resources,File Execution,"Verify that untrusted file metadata is not used directly with system API or libraries, to protect against OS command injection.",Met,src/Sangam.Web.Shared/Components/Customisation/BrandingEditor.razor.cs:93-100 — file metadata ignored; grep finds no Process usage in src,File metadata is never passed to a system API or shell.,review
V12.3.6,V12 Files and Resources,File Execution,"Verify that the application does not include and execute functionality from untrusted sources, such as unverified content distribution networks, JavaScript libraries, node npm libraries, or server-side DLLs.",Met,"src/Sangam.Web.Shared/Hosting/SecurityHeaders.cs:141-142 — script-src 'self' only ; ConsoleGateTests.NoConsolePage_LoadsAnythingFromAnotherHost; PartnerGateTests.NoPartnerPage_LoadsAnythingFromAnotherHost; AuthScreenTests.Screens_RenderWithoutDatabase_AndLoadNothingExternal ; src/Sangam.Identity.Infrastructure/Admin/TotpMfaService.cs:166-176 — QR generated locally, not by a hosted service",No CDN or third-party scripts. All JS and CSS is self-hosted. NuGet supply-chain is covered under V14 (docs/security/dependency-scan.md).,review
V12.4.1,V12 Files and Resources,File Storage,"Verify that files obtained from untrusted sources are stored outside the web root, with limited permissions.",Met,src/Sangam.Identity.Infrastructure/Customisation/EfCustomisationService.cs:234-245 — logos stored as BrandingAsset rows in PostgreSQL ; src/Sangam.Identity.Server/Endpoints/BrandingEndpoints.cs:18-31 — served only through a controlled endpoint,Untrusted files never touch the web root or the filesystem.,review
V12.4.2,V12 Files and Resources,File Storage,Verify that files obtained from untrusted sources are scanned by antivirus scanners to prevent upload and serving of known malicious content.,Not met,src/Sangam.Identity.Infrastructure/Customisation/EfCustomisationService.cs:227-233 — logo validation only (LogoCheck); no antivirus step,"Not met: uploaded logos are type-checked, sanitised (SVG), size-limited and served with a sandboxing CSP, but not virus-scanned. Only authenticated partner administrators and operators can upload. Founder decision: add a ClamAV check or accept the risk (recorded in SGM-908).",founder decision
V12.5.1,V12 Files and Resources,File Download,"Verify that the web tier is configured to serve only files with specific file extensions to prevent unintentional information and source code leakage. For example, backup files (e.g. .bak), temporary working files (e.g. .swp), compressed files (.zip, .tar.gz, etc) and other extensions commonly used by editors should be blocked unless required.",Met,"src/Sangam.Identity.Server/Program.cs:278 — MapStaticAssets serves only the build-time asset manifest (wwwroot/css, wwwroot/js) ; deploy/production/Caddyfile:15-18 — the edge only reverse-proxies to the app","Only compiled static assets are served. Source, config and appsettings files are not.",review
V12.5.2,V12 Files and Resources,File Download,Verify that direct requests to uploaded files will never be executed as HTML/JavaScript content.,Met,"src/Sangam.Identity.Server/Endpoints/BrandingEndpoints.cs:26-30 — nosniff, CSP default-src 'none'; sandbox ; src/Sangam.Identity.Infrastructure/Customisation/EfCustomisationService.cs:233 — Content-Type is only ever image/png or image/svg+xml ; BrandingTests.TheSignInScreen_ShowsTheApplicationsLogoWelcomeAndAccent_AndAnOrganisationsOwn — asserts sandbox and nosniff on the logo response",A logo requested directly cannot run as HTML or script.,review
V12.6.1,V12 Files and Resources,SSRF Protection,Verify that the web or application server is configured with an allow list of resources or systems to which the server can send requests or load data/files from.,Partly,"src/Sangam.Identity.Infrastructure/Provisioning/OutboundHttp.cs:39-61,84-130 — https only; private, loopback and link-local refused at registration and at connect time ; src/Sangam.Identity.Infrastructure/DependencyInjection.cs:157-168 — Anjal base URL from operator configuration","Outbound calls are deny-list guarded, but there is no allow list. Partners can register any public https host for SCIM, webhooks and logout. Enforce an egress allow list at the network layer (firewall/proxy), or have the founder record that per-partner public destinations are an accepted design.",review
V13.1.1,V13 API and Web Service,Generic Web Service Security,Verify that all application components use the same encodings and parsers to avoid parsing attacks that exploit different URI or file parsing behavior that could be used in SSRF and RFI attacks.,Partly,"src/Sangam.Identity.Server/Program.cs:34,233 — every host is ASP.NET Core/Kestrel behind the same forwarded-headers setup ; deploy/production/Caddyfile:15 — Caddy reverse proxy in front","All components share one .NET stack and UTF-8. This review did not assess whether Caddy and Kestrel normalise URIs differently (encoded slashes, dot segments), and no test covers it.",review
V13.1.3,V13 API and Web Service,Generic Web Service Security,"Verify API URLs do not expose sensitive information, such as the API key, session tokens etc.",Met,"src/Sangam.Identity.Server/Api/ManagementEndpoints.cs:28-35 — the API authenticates by bearer token in the Authorization header ; src/Sangam.Identity.Server/Endpoints/SmsEndpoints.cs:17,38-39 — the SMS callback token comes in a header, not the URL ; src/Sangam.SelfService.Web/wwwroot/js/portal.js:1-2 — data export never travels in a URL","No API keys, session tokens or secrets in URLs. Protocol-mandated query values (OIDC code, SAML redirect binding, device user_code) are one-time or signed.",review
V13.1.4,V13 API and Web Service,Generic Web Service Security,"Verify that authorization decisions are made at both the URI, enforced by programmatic or declarative security at the controller or router, and at the resource level, enforced by model-based permissions.",Met,"src/Sangam.Identity.Server/Api/ManagementEndpoints.cs:44 — RequireAuthorization on the /api/v1 route group ; src/Sangam.Identity.Infrastructure/Tenancy/EfManagementService.cs:35,117,207,320-322 — per-resource app scoping in the service ; ManagementApiTests.WithoutAScopedToken_TheApiIsClosed",Authorisation is enforced at both the router (scope policy) and the resource (app-scoped queries). See V4.2.1 for the membership gap.,review
V13.1.5,V13 API and Web Service,Generic Web Service Security,Verify that requests containing unexpected or missing content types are rejected with appropriate headers (HTTP response status 406 Unacceptable or 415 Unsupported Media Type).,Partly,"src/Sangam.Identity.Server/Api/ManagementEndpoints.cs:53,76,88,113,126 — body-bound minimal-API handlers (the framework answers 415 to a non-JSON Content-Type)","Minimal APIs reject a non-JSON body with 415. No test proves this, and the Accept header is not checked, so a 406 is never returned.",review
V13.2.1,V13 API and Web Service,RESTful Web Service,"Verify that enabled RESTful HTTP methods are a valid choice for the user or action, such as preventing normal users using DELETE or PUT on protected API or resources.",Met,src/Sangam.Identity.Server/Api/ManagementEndpoints.cs:47-159 — explicit MapGet/MapPut/MapDelete/MapPost per route; other verbs get 405 ; src/Sangam.Identity.Server/Api/ManagementEndpoints.cs:28-35 — every verb needs an app token with sangam.manage,"Only the methods each resource needs are mapped, and all require the management scope. There are no user-level tokens for the API.",review
V13.2.2,V13 API and Web Service,RESTful Web Service,Verify that JSON schema validation is in place and verified before accepting input.,Partly,"src/Sangam.Identity.Application/Tenancy/ManagementContracts.cs:20,38,56 — typed records ; src/Sangam.Identity.Infrastructure/Tenancy/EfManagementService.cs:46-71,135 — service-side validation","Typed binding plus service checks, but no JSON schema validation. Some fields are unchecked (see V5.1.3/V5.1.4), and unknown JSON properties are silently ignored.",review
V13.2.3,V13 API and Web Service,RESTful Web Service,"Verify that RESTful web services that utilize cookies are protected from Cross-Site Request Forgery via the use of at least one or more of the following: double submit cookie pattern, CSRF nonces, or Origin request header checks.",Met,"src/Sangam.Identity.Server/Api/ManagementEndpoints.cs:31-34 — the API policy accepts only the OpenIddict bearer validation scheme, never cookies ; EvidenceDownloadTests.WithoutTheAntiforgeryToken_NothingIsBuilt — the one cookie-authenticated download endpoint needs an antiforgery token","The REST API ignores cookies, so CSRF does not apply to it. The cookie-based evidence POST is antiforgery-protected.",review
V13.2.5,V13 API and Web Service,RESTful Web Service,"Verify that REST services explicitly check the incoming Content-Type to be the expected one, such as application/xml or application/json.",Partly,src/Sangam.Identity.Server/Api/ManagementEndpoints.cs:53 — the JSON body binder needs application/json ; src/Sangam.Identity.Server/Endpoints/SmsEndpoints.cs:31 — the DeliveryReportBody JSON binder,"The framework checks Content-Type implicitly for JSON bodies. There is no explicit check or test, and body-less routes do not look at it.",review
V13.2.6,V13 API and Web Service,RESTful Web Service,Verify that the message headers and payload are trustworthy and not modified in transit. Requiring strong encryption for transport (TLS only) may be sufficient in many cases as it provides both confidentiality and integrity protection. Per-message digital signatures can provide additional assurance on top of the transport protections for high-security applications but bring with them additional complexity and risks to weigh against the benefits.,Met,"src/Sangam.Identity.Server/Program.cs:266,264 — HSTS and HTTPS redirection outside Development ; deploy/production/Caddyfile:9 — TLS with HSTS at the edge ; WebhookTests.Signatures_MatchTheStandardWebhooksTestVector — outbound webhooks signed ; src/Sangam.Identity.Infrastructure/Provisioning/OutboundHttp.cs:46-49 — outbound calls https only ; SamlProtocolTests.ASignedResponse_Verifies_AndAnyChangeBreaksIt","TLS on every hop that leaves the host, with signatures on webhooks, SCIM tokens and SAML. Inside the deployment, Caddy talks to the app over plain HTTP (deploy/production/Caddyfile:15) on the Docker network.",review
V13.3.1,V13 API and Web Service,SOAP Web Service,"Verify that XSD schema validation takes place to ensure a properly formed XML document, followed by validation of each input field before any processing of that data takes place.",Partly,src/Sangam.Identity.Infrastructure/Saml/SamlProtocol.cs:108-120 — safe parse with a size cap ; src/Sangam.Identity.Infrastructure/Saml/SamlProtocol.cs:134 — required fields checked (e.g. Issuer) ; src/Sangam.Identity.Server/Saml/SamlEndpoints.cs:98-106 — malformed messages refused,"SAML messages are the only XML input. They are parsed safely and their fields validated, but not checked against the SAML XSD schema.",review
V13.3.2,V13 API and Web Service,SOAP Web Service,Verify that the message payload is signed using WS-Security to ensure reliable transport between client and service.,N/A,grep: no SOAP/WCF/WS-Security code or packages (Directory.Packages.props),"There are no SOAP web services. The XML used is SAML 2.0, protected with XML-DSig and XML-Enc (SamlProtocol.cs:209-229).",review
V13.4.1,V13 API and Web Service,GraphQL,"Verify that a query allow list or a combination of depth limiting and amount limiting is used to prevent GraphQL or data layer expression Denial of Service (DoS) as a result of expensive, nested queries. For more advanced scenarios, query cost analysis should be used.",N/A,Directory.Packages.props — no GraphQL package; no GraphQL endpoint in src,There is no GraphQL or other client-supplied query-expression API.,review
V13.4.2,V13 API and Web Service,GraphQL,Verify that GraphQL or other data layer authorization logic should be implemented at the business logic layer instead of the GraphQL layer.,N/A,Directory.Packages.props — no GraphQL package,There is no GraphQL layer. Authorisation is in the service layer (see V4.1.1).,review
V14.1.1,V14 Configuration,Build and Deploy,"Verify that the application build and deployment processes are performed in a secure and repeatable way, such as CI / CD automation, automated configuration management, and automated deployment scripts.",Partly,".github/workflows/ci.yml:21-115 — automated restore, build, test and format on every PR ; Dockerfile:1-50 — one image recipe for every host ; deploy/production/README.md:28-38 — deployment is manual commands on the VM","Build and test are automated and repeatable in CI, and images come from one Dockerfile. Deployment is a manual runbook that builds on the production VM; there is no CD pipeline or automated configuration management.",review
V14.1.2,V14 Configuration,Build and Deploy,"Verify that compiler flags are configured to enable all available buffer overflow protections and warnings, including stack randomization, data execution prevention, and to break the build if an unsafe pointer, memory, format string, integer, or string operations are found.",Met,"Directory.Build.props:11-13 — warnings as errors, latest-recommended analysers ; Directory.Build.props:15 — deterministic builds","Sangam is managed .NET with no unsafe code (no AllowUnsafeBlocks in any project). ASLR/DEP come from the runtime, and analyser warnings fail the build.",review
V14.1.3,V14 Configuration,Build and Deploy,Verify that server configuration is hardened as per the recommendations of the application server and frameworks in use.,Partly,"Dockerfile:25-28 — security updates applied at build ; Dockerfile:44 — non-root user ; deploy/production/Caddyfile:9-13 — security headers, Server header removed ; src/Sangam.Identity.Server/appsettings.json:9 — AllowedHosts is ""*""","Some hardening is done (non-root, patched base, header hygiene, forwarded headers only from Caddy's network). No documented hardening baseline (e.g. CIS) exists for the VM, Docker, Caddy or PostgreSQL; AllowedHosts is a wildcard, and containers are not locked down (V1.14.5).",review
V14.1.4,V14 Configuration,Build and Deploy,"Verify that the application, configuration, and all dependencies can be re-deployed using automated deployment scripts, built from a documented and tested runbook in a reasonable time, or restored from backups in a timely fashion.",Partly,"deploy/production/README.md:7-46 — documented deployment runbook ; deploy/production/README.md:50-68 — nightly encrypted backups and a monthly restore drill (scripts/backup-db.sh, scripts/restore-drill.sh) ; docs/go-live-checklist.md:49-50,209 — the restore drill on the real server is still an open item",Redeploy and restore are scripted and documented. Neither has yet been shown to work on the production server: the restore drill and the Caddy configuration are still unchecked.,review
V14.2.1,V14 Configuration,Dependency,"Verify that all components are up to date, preferably using a dependency checker during build or compile time.",Met,".github/workflows/ci.yml — security job, a required check ; .github/dependabot.yml — weekly update pull requests (rc.2) ; docs/security/dependency-scan.md","Every .NET, npm, Python and Java dependency and the application images were scanned at R7: no known high or critical issue remains (Java moved to Spring Boot 4.1.1, fixing 4 critical and 5 high). The security job is a required check. rc.2: Dependabot keeps components up to date (weekly, and at once for an advisory), and the caddy and postgres images are reported by the security job.",rc.2
V14.2.2,V14 Configuration,Dependency,"Verify that all unneeded features, documentation, sample applications and configurations are removed.",Partly,src/Sangam.Identity.Server/Pages/Dev/Outbox.cshtml.cs:46-48 and Pages/Dev/Callback.cshtml.cs:78 — dev pages return 404 outside Development ; src/Sangam.Identity.Server/appsettings.json:21-23 — development seeding off ; docs/go-live-checklist.md:85 — the identity server's root page is still the PR-01 design-foundation check,"Development features are switched off outside Development, but they are still compiled into the production image, and the placeholder root page has not been replaced.",review
V14.2.3,V14 Configuration,Dependency,"Verify that if application assets, such as JavaScript libraries, CSS or web fonts, are hosted externally on a Content Delivery Network (CDN) or external provider, Subresource Integrity (SRI) is used to validate the integrity of the asset.",N/A,docs/README.md:47-53 — fonts and icons self-hosted; nothing fetched from an external host ; test HostSmokeTests.Root_LoadsNothingFromExternalHosts (tests/Sangam.Identity.Server.Tests/HostSmokeTests.cs:30) ; test AuthScreenTests.Screens_RenderWithoutDatabase_AndLoadNothingExternal (tests/Sangam.Identity.Server.Tests/AuthScreenTests.cs:24),"No asset is loaded from a CDN or external host (CSP default-src 'self' enforces this), so SRI does not apply.",review
V14.2.4,V14 Configuration,Dependency,"Verify that third party components come from pre-defined, trusted and continually maintained repositories.",Met,"nuget.config:5-17 — nuget.org only, with package source mapping; local feed limited to LiPicons.* ; Directory.Packages.props — central package versions ; .github/workflows/ci.yml:200 — Trivy pinned to 0.75.0","Packages come from nuget.org (and npm, PyPI, Maven Central for the SDKs) with source mapping. The one local package (LiPicons, the founder's own) is restricted by name. GitHub Actions are pinned by major tag rather than commit SHA.",review
V14.2.5,V14 Configuration,Dependency,Verify that a Software Bill of Materials (SBOM) is maintained of all third party libraries in use.,Met,.github/workflows/ci.yml:209 — SBOM generation (R7) ; docs/security/dependency-scan.md — results,R7: CI generates CycloneDX SBOMs for the repository and every application image and keeps them as build artefacts; the R7 set is in the release evidence.,R7 fix
V14.2.6,V14 Configuration,Dependency,Verify that the attack surface is reduced by sandboxing or encapsulating third party libraries to expose only the required behaviour into the application.,Partly,"test LayeringTests.Domain_ReferencesNoOuterLayerOrProvider (tests/Sangam.Identity.Domain.Tests/LayeringTests.cs:34) ; test LayeringTests.Application_ReferencesNoProviderOrHost (tests/Sangam.Identity.Application.Tests/LayeringTests.cs:31) ; src/Sangam.Identity.Infrastructure/Provisioning/OutboundHttp.cs:66-76 — outbound HTTP wrapped (no redirects, no private addresses)","Third-party libraries (EF Core, OpenIddict, ASP.NET) are confined to the Infrastructure/host layers by tested layering rules, and outbound HTTP is wrapped. Libraries run in-process with full privileges and are not otherwise sandboxed.",review
V14.3.2,V14 Configuration,Unintended Security Disclosure,"Verify that web or application server and application framework debug modes are disabled in production to eliminate debug features, developer consoles, and unintended security disclosures.",Met,Dockerfile:41 — ASPNETCORE_ENVIRONMENT=Production in the image ; deploy/production/docker-compose.yml:20 — Production in every host ; src/Sangam.Identity.Server/Program.cs:263-267 — exception handler and HSTS outside Development ; src/Sangam.Web.Shared/Hosting/ErrorPage.cs:23-32 — generic error page with no details ; src/Sangam.Identity.Server/Program.cs:219-223 — OpenIddict's transport-security relaxation only in Development/Testing,"Production runs with the Production environment, so the developer exception page, dev pages and dev certificates are off and errors show a generic page.",review
V14.3.3,V14 Configuration,Unintended Security Disclosure,Verify that the HTTP headers or any part of the HTTP response do not expose detailed version information of system components.,Met,deploy/production/Caddyfile:13 — '-Server' removes the Server header at the edge ; /tmp/claude-0/r7ev/security/zap/round1-before-fixes/summary.txt — ZAP baseline/full raised no version-disclosure alert on any host,Caddy strips the Server header and no X-Powered-By or version header is added by the app. This was not verified against the live Caddy deployment.,review
V14.4.1,V14 Configuration,HTTP Security Headers,"Verify that every HTTP response contains a Content-Type header. Also specify a safe character set (e.g., UTF-8, ISO-8859-1) if the content types are text/*, /+xml and application/xml. Content must match with the provided Content-Type header.",Met,src/Sangam.Web.Shared/Hosting/ErrorPage.cs:28 — text/html; charset=utf-8 ; src/Sangam.Identity.Server/Endpoints/BrandingEndpoints.cs:30 — logos served with their checked type ; /tmp/claude-0/r7ev/security/zap/round1-before-fixes/baseline-5100.json — no 'Content-Type Header Missing' alert on any host,"ASP.NET Core sets Content-Type with UTF-8 on pages and JSON, and the custom endpoints set it explicitly.",review
V14.4.2,V14 Configuration,HTTP Security Headers,"Verify that all API responses contain a Content-Disposition: attachment; filename=""api.json"" header (or other appropriate filename for the content type).",Met,src/Sangam.Web.Shared/Hosting/SecurityHeaders.cs:94 — Content-Disposition (R7) ; tests/Sangam.Identity.Server.Tests/SecurityHeaderTests.cs:52 — JsonAnswers_AreDownloads_NotPages,"R7: every JSON answer is sent with Content-Disposition: attachment unless the endpoint set its own, so an API answer opened in a browser is saved, not rendered.",R7 fix
V14.4.3,V14 Configuration,HTTP Security Headers,"Verify that a Content Security Policy (CSP) response header is in place that helps mitigate impact for XSS attacks like HTML, DOM, JSON, and JavaScript injection vulnerabilities.",Met,src/Sangam.Web.Shared/Hosting/SecurityHeaders.cs:122 — Policy ; tests/Sangam.Web.Shared.Tests/Hosting/SecurityHeadersTests.cs — OnlyTheIdentityServer_MaySubmitFormsToAnyHttpsSite ; docs/security/zap.md — round 2,"Every host sends a full CSP with no inline script (the identity server allows only OpenIddict’s form_post script, by hash). R7 narrows form-action to the host itself and the origins it names on the portal and consoles. Accepted: style-src 'unsafe-inline' (Blazor and the strength meter set style attributes), and frame-src/form-action https: on the identity server (front-channel logout frames and form_post answers go to each registered application). ZAP round 2 (after the fixes) found no other CSP issue.",R7 fix
V14.4.4,V14 Configuration,HTTP Security Headers,Verify that all responses contain a X-Content-Type-Options: nosniff header.,Met,src/Sangam.Web.Shared/Hosting/SecurityHeaders.cs:47 — X-Content-Type-Options: nosniff ; deploy/production/Caddyfile:10 — also set at the edge ; test SecurityHeaderTests.EveryAnswer_CarriesTheSecurityHeaders (tests/Sangam.Identity.Server.Tests/SecurityHeaderTests.cs:26-36),"nosniff is on every response, from the app and from Caddy.",review
V14.4.5,V14 Configuration,HTTP Security Headers,"Verify that a Strict-Transport-Security header is included on all responses and for all subdomains, such as Strict-Transport-Security: max-age=15724800; includeSubdomains.",Met,deploy/production/Caddyfile:9 — Strict-Transport-Security max-age=31536000; includeSubDomains on every site ; src/Sangam.Identity.Server/Program.cs:266 — UseHsts outside Development,Caddy adds HSTS with includeSubDomains to every response on all Sangam hosts. The Caddyfile has not yet been verified running under Caddy (deploy/production/README.md:114).,review
V14.4.6,V14 Configuration,HTTP Security Headers,Verify that a suitable Referrer-Policy header is included to avoid exposing sensitive information in the URL through the Referer header to untrusted parties.,Met,src/Sangam.Web.Shared/Hosting/SecurityHeaders.cs:49 — Referrer-Policy: strict-origin-when-cross-origin ; deploy/production/Caddyfile:11 ; test SecurityHeaderTests.EveryAnswer_CarriesTheSecurityHeaders (tests/Sangam.Identity.Server.Tests/SecurityHeaderTests.cs:36),Every response limits the Referer header to the origin on cross-origin requests.,review
V14.4.7,V14 Configuration,HTTP Security Headers,Verify that the content of a web application cannot be embedded in a third-party site by default and that embedding of the exact resources is only allowed where necessary by using suitable Content-Security-Policy: frame-ancestors and X-Frame-Options response headers.,Met,"src/Sangam.Web.Shared/Hosting/SecurityHeaders.cs:148 — frame-ancestors 'none' ; src/Sangam.Web.Shared/Hosting/SecurityHeaders.cs:48,74 — X-Frame-Options always DENY ; src/Sangam.SelfService.Web/Program.cs:139-145 — Blazor's own frame-ancestors header suppressed so the full policy applies ; test SecurityHeadersTests.NoSangamPage_MayBeFramed_AndOnlyTheIdentityServerFramesApplications (tests/Sangam.Web.Shared.Tests/Hosting/SecurityHeadersTests.cs:24)","No Sangam page can be framed by any site (frame-ancestors 'none' plus X-Frame-Options DENY), which fixes the clickjacking issue ZAP found.",review
V14.5.1,V14 Configuration,HTTP Request Header Validation,"Verify that the application server only accepts the HTTP methods in use by the application/API, including pre-flight OPTIONS, and logs/alerts on any requests that are not valid for the application context.",Partly,src/Sangam.Identity.Server/Endpoints/ConnectEndpoints.cs:39 — authorize accepts only GET and POST ; src/Sangam.Identity.Server/Api/ManagementEndpoints.cs:47-63 — each route mapped to an explicit verb ; src/Sangam.Identity.Infrastructure/WebHosting.cs:74-96 — requests counted only by status class,"Endpoints accept only the verbs they map (anything else gets 405), but invalid-method requests are not logged or alerted on individually; they appear only in the 4xx count.",review
V14.5.2,V14 Configuration,HTTP Request Header Validation,"Verify that the supplied Origin header is not used for authentication or access control decisions, as the Origin header can easily be changed by an attacker.",Met,src/Sangam.Identity.Server/Api/ManagementEndpoints.cs:28-34 — API access decided by token and scope ; src/Sangam.Identity.Infrastructure/Admin/EfAdminService.cs:667-673 — operator access decided by stored rank,"Authorisation uses tokens, cookies and stored roles; no code in src reads the Origin header for an access decision (grep). WebAuthn origin checks are part of passkey verification, not access control.",review
V14.5.3,V14 Configuration,HTTP Request Header Validation,"Verify that the Cross-Origin Resource Sharing (CORS) Access-Control-Allow-Origin header uses a strict allow list of trusted domains and subdomains to match against and does not support the ""null"" origin.",Met,src/Sangam.Identity.Server/Program.cs:234-287 — middleware pipeline has no CORS; no AddCors/UseCors anywhere in src,"Sangam sends no Access-Control-Allow-Origin header at all, so no origin, null included, gets cross-origin read access. If CORS is added for browser SDK clients, it must use a strict allow list.",review
V14.5.4,V14 Configuration,HTTP Request Header Validation,"Verify that HTTP headers added by a trusted proxy or SSO devices, such as a bearer token, are authenticated by the application.",Met,src/Sangam.Identity.Infrastructure/WebHosting.cs:48-59 — X-Forwarded-For/Proto accepted only from configured proxies or networks; loopback only by default ; deploy/production/docker-compose.yml:22 — trusted network is Caddy's edge subnet 172.30.0.0/24,"Forwarded headers are trusted only from Caddy's network, so clients cannot spoof their address. Every container on the edge network (the demo app included) is also trusted.",review
